C#,CNAME,TEACHER,PERIOD,CREDIT
GNED110400,大学生心理健康与自我调适,"吴梦瑶,姚斌,康楠",32.0,2.0
SOCP100190,课外实践8学分,"岳娅萍,姜飒",0.0,8.0
GNED106292,大学生创业训练与实践,陈永华,32.0,2.0
GNED106392,大学生职业发展与规划,薛变玲,32.0,2.0
GNED115200,在线开放课程助教,测试,0.0,0.0
BSIS400121,毕业设计（论文）,冯潇,128.0,8.0
JZSJ900121,中国传统文化实践-2,孙立滨,16.0,1.0
LITE100521,中国古代文学1,马春燕,32.0,2.0
LITE100621,陕西话,冯潇,16.0,1.0
LITE101021,中国概况,杨杨,32.0,2.0
LITE101121,当代影视鉴赏,张知,32.0,2.0
LITE101321,简明中国历史,路荣,32.0,2.0
LITE200321,汉语综合课2,杨杨,96.0,6.0
LITE200521,汉语听说2,李馨郁,64.0,4.0
LITE302321,口腔医学汉语2,公茂芹,64.0,4.0
LITE302721,汉语听力2,海莹,64.0,4.0
LITE303021,汉语口语2,公茂芹,128.0,8.0
LITE303221,综合医学汉语2,杨伟奇,64.0,4.0
LITE303721,综合医学汉语4,周程程,64.0,4.0
LITE304221,高级汉语写作2,李馨郁,32.0,2.0
LITE304421,初级汉语听力2,王美玲,64.0,4.0
LITE304521,高级汉语视听说2,王美玲,64.0,4.0
LITE304621,中级汉语听说2,冯潇,64.0,4.0
LITE305021,中级汉语写作2,李馨郁,32.0,2.0
LITE305321,基础医学汉语2,戴艳茹,64.0,4.0
LITE305421,初级汉语口语2,刘莹,96.0,6.0
LITE305621,综合医学汉语6,杨伟奇,64.0,4.0
LITE305821,中级汉语阅读2,张茜,64.0,4.0
LITE306121,HSK四级综合课,周程程,160.0,10.0
LITE306221,口腔医学汉语4,李丹丹,64.0,4.0
LITE306321,口腔医学汉语6,海莹,64.0,4.0
LITE306821,综合医学汉语8,李丹丹,64.0,4.0
LITE306921,口腔医学汉语8,杨伟奇,64.0,4.0
LITE307021,汉语综合-2,张知,64.0,4.0
LITE401121,初级汉语精读2,孙玉茜,160.0,10.0
LITE401421,中级汉语精读2,路荣,128.0,8.0
LITE401521,高级汉语综合2,张茜,64.0,4.0
LITE401621,高级汉语精读2,赵炜,96.0,6.0
LITE401821,现代汉语2,冯潇,32.0,2.0
LITE501121,中国经济与对外贸易概况,杨杨,32.0,2.0
LITE501321,汉字概论,李馨郁,32.0,2.0
LITE502121,商务新闻阅读,孙玉茜,32.0,2.0
MATH400121,文科高等数学,贾应智,64.0,4.0
AUTO544905,工业社会学,高建民,24.0,1.5
CORE102600,创新思维和机器人创客实践,"朱爱斌,李党超,张育林",48.0,3.0
FEES300101,工程光学I,"刘涛,黄军辉",48.0,3.0
FEES400101,食品化学,"彭锦峰,张璐薇",56.0,3.0
FEES400301,微生物学,"薛晚利,韩蓓",32.0,2.0
FEES400501,微生物学实验,张璐薇,32.0,1.0
FEES500101,食品工艺学,"谢玫珍,李珂嘉,张璐薇",64.0,3.0
GNED100401,项目管理,曾群锋,32.0,2.0
GNED100601,面向创业的机电产品创新设计,"张俊,桂亮,李宝童,金悦",48.0,2.0
GNED100701,数字化设计与制造软件应用基础,许睦旬,40.0,2.0
GNED100801,走进机器人：项目驱动的创新与实践,"冯祖仁,徐俊",52.0,2.0
GNED100901,先进制造之美,"蒋维涛,梁庆宣",32.0,2.0
INDE300601,机械设计基础Ⅲ,奚延辉,48.0,2.5
INDE400101,工业社会学,孙孝飞,32.0,2.0
INDE400601,设计调查,杨增耀,32.0,2.0
INDE401401,设计造型Ⅱ,蔺肖曼,48.0,2.0
INDE401501,工业设计心理学基础,张煜,40.0,2.0
INDE401601,人因素和人机学,李宏伟,48.0,2.5
INDE500801,人机界面设计,杨增耀,56.0,2.0
INDE500901,工业大数据处理与程序设计,卫颜俊,40.0,2.0
INDE501001,Web编程技术,谢涛,40.0,2.0
INDE900201,工业设计实践Ⅱ-5,杨增耀,32.0,1.0
INDE900301,工业设计实践Ⅱ-2,蔺肖曼,32.0,1.0
INDE900801,工业设计实践Ⅰ-5,张煜,32.0,1.0
INDE901001,工业设计实践Ⅰ-2,李宏伟,32.0,1.0
INSM000101,测控技术导论,"赵立波,杨青,赵宏,彭年才,彭锦峰,梁霖,景蔚萱",16.0,1.0
INSM302001,工程光学II-2,"王昭,黄军辉",40.0,2.5
INSM302201,误差理论与数据处理,李支康,32.0,2.0
INSM401201,无线传感网络技术,韦学勇,24.0,1.5
INSM401501,测试技术,"徐光华,李敏",48.0,2.0
INSM401601,MEMS技术及应用,王海容,40.0,2.0
INSM401801,数字图像处理,"周翔,赵自新",40.0,2.0
INSM501901,智能仪器与虚拟仪器设计,"侯成刚,陶唐飞",52.0,3.0
INSM502001,设备监测与诊断技术及应用,"徐光华,梁霖",36.0,1.5
INSM502101,机床精密测量与动态测试,"李兵,丁建军",40.0,2.0
INSM900101,仪器设计综合性实验-1,"侯成刚,刘弹",80.0,2.5
INSM900301,工程光学专题实验,胡改玲,16.0,0.5
ITDE500701,CDIO项目实践,段玉岗,56.0,2.0
JZSJ900101,光电检测专题实验,"张璐薇,李珂嘉",32.0,1.0
JZSJ900301,综合性实践训练,赵宏,64.0,2.0
MACH000101,机械工程导论,刘志刚,16.0,1.0
MACH390801,机械制图,戚社苗,48.0,3.0
MACH390901,工程制图,史晓军,32.0,2.0
MACH391201,工程图学,续丹,52.0,3.0
MACH391401,机械设计基础Ⅰ,"陈丽,贾焕如",72.0,4.0
MACH391501,机械设计基础Ⅱ,"陈贵敏,杨志勃",56.0,3.0
MACH392201,大数据技术,"张留洋,李响,刘啸川,李乃鹏",64.0,4.0
MACH392301,程序设计与Python实战,马军,32.0,2.0
MACH400301,机械设计基础课程设计,杨培林,32.0,1.0
MACH400501,机械制造技术基础,李D,56.0,3.0
MACH402801,材料成形技术基础,"蔡洪能,臧顺来,张航",32.0,2.0
MACH402901,机械工程测试技术,张周锁,48.0,2.5
MACH403001,机械工程测试技术（英）,严如强,48.0,2.5
MACH403201,材料成形技术基础（英）,"黄科,王富",32.0,2.0
MACH403301,数控技术,姜歌东,56.0,3.0
MACH500701,装备与制造系统,徐海波,40.0,2.0
MACH501201,现代机器人技术,董霞,40.0,2.0
MACH501301,企业与生产运作管理,马登龙,36.0,2.0
MACH501701,机械故障诊断技术,"王L峰,陈景龙",40.0,2.0
MACH501801,机电液传动与控制,要义勇,40.0,2.0
MACH501901,机械动力学,吴成军,32.0,2.0
MACH502001,摩擦学,"董光能,曾群锋",40.0,2.0
MACH502501,制造执行系统技术,"赵丽萍,江平宇",40.0,2.0
MACH502601,增材制造基础（英）,王富,40.0,2.0
MACH502801,增材制造技术（英）,田小永,40.0,2.0
MACH503001,现代设计理论与方法,刘志刚,32.0,2.0
MACH503101,柔性电子制造与应用（英）,陈小明,32.0,2.0
MACH900201,新形态机器人设计与驱控,"彭军,李博,朱子才,郭艳婕,张志成,赵志斌,刘庆芳",64.0,2.0
VENG430101,汽车电子与控制,张政,40.0,2.0
VENG430301,车辆制造实验,"臧顺来,张大伟,方学伟,金涛,尹昱东",48.0,1.5
VENG430501,车辆制造装备与系统,"赵升吨,张大伟",24.0,1.5
VENG430601,车辆工程导论,"张琦,徐俊",16.0,1.0
VENG430701,汽车构造及发动机原理,"董光能,韩宾",32.0,2.0
VENG430901,电动汽车与混合动力技术,曹军义,40.0,2.0
VENG510201,车辆设计,"庄健,韩宾",40.0,2.0
VENG510301,现代轨道车辆,"赵升吨,李靖祥,王永飞",40.0,2.0
VENG530401,车辆电机与驱动,"李靖祥,范淑琴",40.0,2.0
VENG530501,智能汽车技术,"陈景龙,刘意",32.0,2.0
VENG900101,汽车结构有限元与数值分析,臧顺来,32.0,1.0
VENG900201,车辆工程CDIO,徐俊,56.0,2.0
GNED100202,动漫世界的材料化学探秘,宁晓辉,32.0,2.0
MATL000202,材料专业导论,"王红洁,单智伟,马飞,丁向东,杨冠军,闵泰,马恩,刘峰",16.0,1.0
MATL200102,工程材料基础,陈威,56.0,3.0
MATL400602,材料性能,"刘博宇,李成新",48.0,3.0
MATL400702,Characterization techniques in materials science research,陈凯,32.0,2.0
MATL400902,材料工程基础,周根树,64.0,4.0
MATL401202,金相制备与分析实验,席生岐,32.0,1.0
MATL401302,材料性能与测试技术实验,"陈凯,牛靖",32.0,1.0
MATL401402,高分子化学与物理实验,张启路,32.0,1.0
MATL401902,材料科学基础-1,刘宏,32.0,2.0
MATL403102,材料科学基础,"雒晓涛,马胜强",40.0,2.5
CORE100103,能源与人类文明发展,"李艳辉,赵昆鹏,徐东海",32.0,2.0
CORE100203,再创式学习方法与技术创新训练,"杨旭,薛绒,吴伟烽",32.0,2.0
CORE100303,科学技术与工程伦理,"李早阳,孙中国",32.0,2.0
CORE100503,核与世界,"刘宙宇,王立剑,曹良志",32.0,2.0
CORE101600,人与环境,"徐浩,李珊珊,冯江涛,饶永芳,延卫",32.0,2.0
ENPO200203,热工基础Ⅰ,杨富鑫,44.0,2.5
ENPO340803,工程热力学（英）,"李明佳,刘向阳,杨富鑫",64.0,3.5
ENPO341003,自动控制原理Ⅰ,"周延,张丹,王桂芳",52.0,2.5
ENPO341103,流体力学Ⅰ,李平,64.0,3.5
ENPO341203,工程热力学Ⅰ,"张颖,刘迎文,杨鹏",64.0,3.5
ENPO341303,热能与动力测试技术,"刘齐寿,赵忖,王桂芳,宫武旗,高忠权",52.0,2.5
ENPO341403,流体力学（英）,孙金菊,64.0,3.5
ENPO341503,热流体课程实验-1,"孟婧,唐上朝,王小丹,吴青平,张可,程上方,邢张梦",32.0,1.0
ENPO413103,流体热物性测试技术,"吴江涛,毕胜山,孟现阳,张可",56.0,3.0
ENPO413203,换热器设计,"曾敏,马挺,钱苏昕",48.0,3.0
ENPO413303,透平机械流体动力学,何坤,48.0,3.0
ENPO420603,制冷与低温技术原理,"张兴群,刘晔,谭宏博,陈蕴光,马原",52.0,3.0
ENPO420703,流体机械原理,"李景银,秦国良,张楚华,林梅",56.0,3.0
ENPO420803,热力发电厂,"吴东垠,韩小渠,王桂芳",58.0,3.0
ENPO420903,压缩机原理与结构,"曹锋,杨旭,张薇,王雷雷",52.0,3.0
ENPO421003,发动机原理与构造,"刘兵,黄勇成,胡二江,汤成龙,杨锐,殷阁媛",60.0,3.0
ENPO421103,锅炉原理,"王长安,刘银河,张晓鹏",56.0,3.0
ENPO421203,汽轮机原理,"宋立明,刘钊,刘观伟",56.0,3.0
ENPO421303,汽车理论及构造,"魏衍举,王锡斌,黄勇成",48.0,3.0
ENPO421403,新能源汽车动力与控制,"姜雪,杨博,刘兵",52.0,3.0
ENPO421503,储能热流基础实验,"孟婧,邢张梦",16.0,0.5
ENPO421603,储能热流基础,"何雅玲,席奂",64.0,4.0
ENPO421703,传热传质学,"陶文铨,李增耀,屈治国,陈黎,方文振",56.0,3.0
ENPO421803,热质储能技术及应用实验,"孟婧,邢张梦",16.0,0.5
ENPO421903,热质储能技术及应用,"陶于兵,程泽东",40.0,2.5
ENPO422003,流体力学III,"方嘉宾,蔡柳溪",32.0,2.0
ENPO422103,工程热力学III,"孙杰,杨福胜",32.0,2.0
ENPO422303,储能热流基础,席奂,64.0,4.0
ENPO422403,储能热流基础实验,"孟婧,邢张梦",16.0,0.5
ENPO529303,能源科学技术前沿讲座,"严俊杰,苏光辉,席光,何雅玲,黄佐华,邢子文,陶文铨,厉彦忠",16.0,1.0
EVNG301003,环境科学与工程导论,"延卫,何炽,杨树成,王云海,高宁博,饶永芳,徐浩,沈振兴",16.0,1.0
EVNG400103,大气污染控制工程,"何炽,高宁博",64.0,4.0
EVNG400303,水污染控制工程,"王云海,杨树成",64.0,4.0
EVNG400503,固体废物处理与处置,"高宁博,王丽",48.0,3.0
EVNG400703,环境影响评价,"刘萍萍,孙健",32.0,2.0
EVNG400803,环境规划与管理,"沈振兴,孙健",32.0,2.0
EVNG401203,专业综合实验,张瑜,64.0,2.0
EVNG401303,污染控制实验,张瑜,64.0,2.0
EVNG401503,环境化学Ⅱ,"延卫,徐浩",32.0,2.0
GNED105203,中华灯谜艺术及欣赏,"王美玲,陈雪江",32.0,2.0
GNED106103,汽车构造,汪映,32.0,2.0
GNED106203,星际航行与低温技术,"马原,谢福寿,厉彦忠,蒲亮,王磊",32.0,2.0
GNED106303,大数据及工程应用数据挖掘技术,李良星,32.0,2.0
GNED106403,制冷技术概论：从地面到空间,"薛绒,陈良,刘秀芳,侯予",32.0,2.0
GNED106503,能源绿色转化与碳减排,"王长安,杜勇博,邓磊,刘虎",32.0,2.0
GNED106603,新能源汽车与无人驾驶革命,魏衍举,32.0,2.0
GNED106903,走向富足：通过科技改变人类未来,"周致富,李东",16.0,1.0
GNED107003,汽车文化与社会发展,李倩倩,32.0,2.0
GNED107103,《唐宋词鉴赏辞典》经典阅读,屠珊,16.0,1.0
GNED107203,储能技术创新与能源革命,"安豆,席奂",32.0,2.0
JZSJ200103,毕业实习,徐浩,0.0,1.0
MATH900103,工程数学建模,"陈磊,朱小宇",24.0,2.0
NEEN300203,材料科学基础与新能源材料,"黄建兵,沈少华,师进文",40.0,2.5
NEEN400103,生物学基础与生物质能转化原理及技术,"吕友军,金辉,徐强",60.0,3.5
NEEN400403,流体机械能转化原理与技术,"陈斌,周致富,李东,骆政园",38.0,2.0
NEEN400503,新能源热利用与热发电原理及系统,"赵亮,李明涛,徐强",46.0,2.5
NUCL320103,量子力学,赵耀林,48.0,3.0
NUCL320403,核材料基础,"柳文波,恽迪",32.0,2.0
NUCL320503,原子物理,赵耀林,32.0,2.0
NUCL321003,核辐射防护,"胡华四,胡光,褚俊,王洁",40.0,2.0
NUCL420403,原子核物理实验方法,"张清民,臧航",48.0,3.0
NUCL420603,电离辐射剂量学,"刘书焕,褚俊",52.0,2.5
NUCL420703,核反应堆物理分析,"郑友琦,祖铁军",40.0,2.5
NUCL420803,核反应堆控制,"褚俊,魏新宇",40.0,2.0
NUCL420903,核电子学,"贺朝会,李永宏,李培",48.0,2.5
NUCL421003,核电厂系统与动力设备,"陈荣华,张魁,张博",40.0,2.5
NUCL421103,核反应堆热工分析,"褚俊,张亚培,田文喜,王成龙",48.0,2.5
NUCL421303,核信息获取与处理,"刘书焕,王鹏飞",32.0,1.5
NUCL520203,核分析技术,"臧航,贺朝会,卢晨阳",32.0,2.0
CODE420104,电子系统设计与实践,张璞,80.0,2.5
CORE100104,新能源导论,"吴锴,周峻,吴坚",32.0,2.0
CORE100204,能源互联网,"王锡凡,方万良,别朝红,康小宁",16.0,1.0
CORE100304,电磁通史与技术前沿,"刘志远,马慧,项彬",32.0,2.0
CORE102200,聚变能源与等离子体,"吴坚,陈振茂,田文喜,邱爱慈,李兴文",32.0,2.0
EELC321304,模拟电子技术（英文）,陈文洁,64.0,4.0
EELC321604,电子技术实验1,李锋,16.0,0.5
EELC321804,模拟电子技术,郭俊,64.0,4.0
EELC322304,模拟电子技术基础,杨建国,60.0,3.5
EELC322704,模拟电子技术基础,陈文洁,48.0,3.0
EELC322804,电子技术基础,"夏建生,原晓楠",80.0,4.0
EELC323004,电子技术实验-1,李锋,16.0,0.5
EELC323504,电子技术基础,"赵进全,孙敏",96.0,5.0
EELC323704,现代电子技术,"赵进全,孙敏",56.0,3.0
EELC422904,人工智能与智能仪器,"曾翔君,汤晓君,骆一萍",64.0,3.5
ELEC321304,电磁场与波,董天宇,72.0,4.0
ELEC326104,电工电子技术导论,孟永鹏,48.0,3.0
ELEC327604,电工电子技术-1,刘晔,48.0,3.0
ELEC327704,电工电子技术-2,"贺博,张博雅",48.0,3.0
ELEC327804,电工电子技术实验-1,李瑞程,16.0,0.5
ELEC327904,电工电子技术实验-2,原晓楠,16.0,0.5
ELEC328104,模电与大数电实验-1,李锋,24.0,0.5
ELEC328604,信号与系统II,"张浩,沈瑶,王超,高昕悦",60.0,3.5
ELEC422904,电力设备设计原理,"刘鹏,王立军",32.0,2.0
ELEC423004,电气材料基础,"高景晖,张宏",32.0,2.0
ELEC423704,电力系统稳态分析,"张耀,郑涛",68.0,4.0
ELEC427204,电气工程及其自动化专业导论,"荣命哲,王建华,杜正春,刘进军,李盛涛,梁得亮,汲胜昌,杨旭",16.0,1.0
ELEC427304,大数据科学与应用技术,焦在滨,32.0,2.0
ELEC427404,人工智能技术导论,曹晖,32.0,2.0
ELEC427704,高电压技术,"李江涛,赵军平,姜惟",56.0,3.0
ELEC427904,电储能系统与并网技术,"王丰,易皓",40.0,2.0
ELEC428004,能源互联网,"谢海鹏,陈晨",32.0,2.0
ELEC521604,电机的智能控制,"丁文,孙萍",48.0,2.5
ELEC521904,风力发电与太阳能发电技术,"雷万钧,王来利",32.0,2.0
ELEC522504,现代控制理论基础,贾要勤,48.0,3.0
ELEC523204,新能源概论,"吴锴,周峻,吴坚,姚学玲",48.0,2.5
ELEC523304,新能源与分布式发电,"吴锴,周峻,何英杰,孟永庆",40.0,2.0
ELEC523504,电力系统仿真理论与实践,"张耀,陈晨",40.0,2.0
ELEC523704,电力系统新技术专题New Technology of Power Systems,"王秀丽,杜正春",16.0,1.0
ELEC523904,电力系统自动化,李宇骏,32.0,2.0
ELEC524404,发电厂电气部分,闫晨光,36.0,2.0
ELEC524504,新能源电力系统规划与运行,"刘俊,宁联辉",40.0,2.0
ELEC525704,工程电介质物理学,"李建英,闵道敏",48.0,3.0
ELEC526204,电磁兼容技术,"陈玉,白洁,孔忻",48.0,2.5
ELEC526504,高电压综合实验,"姜惟,惠思思,吕亮",64.0,2.0
ELEC527204,放电等离子体基础及应用,"吴坚,石桓通,李兴文",32.0,2.0
ELEC527504,电器理论基础,"史宗谦,王宣东",48.0,2.5
ELEC527604,电机设计,丁文,40.0,2.0
ELEC527704,高电压试验与测试,"张乔根,刘轩东,赵军平",48.0,2.5
ELEC528304,控制电机,"娄建勇,孙萍",48.0,2.5
ELEC528604,高电压绝缘技术基础,"张冠军,常正实,孙安邦,惠思思",40.0,2.0
ELEC528704,电力开关设备,"闫静,吴翊",32.0,2.0
ELEC529204,工业计算机控制技术,"崔栋刚,甘永梅,迟晓红",56.0,3.0
ELEC529304,电机测试技术,刘凌,32.0,2.0
ELEC529404,单片计算机原理及应用,"贾立新,迟晓红",36.0,2.0
ELEC529504,智能电网储能应用技术,"宁联辉,孟永庆,王建学",36.0,2.0
GNED106004,前沿科技与伦理反思,"孙安邦,徐正红,邓军波,刘增,石建稳",32.0,2.0
GNED106104,等离子体与科技创新,"张冠军,孙安邦,常正实,李元,宋佰鹏",32.0,2.0
GNED106204,以创新创业大赛为核心的创新创业实践,王小华,56.0,2.0
GNED106404,新能源材料与装备,"成永红,张锦英,石建稳,史乐,肖冰",32.0,2.0
INSM400504,测控电路,"丁晖,孔忻",40.0,2.0
INSM401104,自动化仪表,"胡红利,孔忻",48.0,2.5
INSM401304,MEMS传感器和执行器,李运甲,32.0,2.0
INSM401404,光电检测技术,丁晖,32.0,2.0
JZSJ901104,创新设计与竞赛课程,"沈瑶,迟晓红,原晓楠,张璞,高昕悦,张皎,李瑞程,吕泽鹏,刘宁艳,吕亮,张锋,孙敏,王超,雷万钧",24.0,1.0
AASP300206,空气与气体动力学,张科,72.0,4.0
AASP301806,空气动力学,孟雪广,36.0,2.0
AASP414006,航空推进原理,杨亚晶,56.0,3.0
AASP414206,航空飞行器总体设计,胡淑玲,32.0,2.0
AASP414306,航天飞行器总体设计,陈刚,32.0,2.0
AASP414406,飞行器制导与导航原理,梁勇奇,40.0,2.0
AASP414506,航空航天推进技术,左逢源,32.0,2.0
AASP414606,热工基础Ⅱ,阳倦成,32.0,2.0
AASP414706,工程热力学II,武俊梅,48.0,3.0
AASP501306,飞行器总体课程设计,"刘振,胡淑玲",32.0,1.0
AASP501406,航空发动机结构与强度,杨利花,40.0,2.5
AASP502706,飞行器结构课程设计,"刘马宝,夏巍",32.0,1.0
AASP502906,飞行控制系统设计,荣海军,32.0,2.0
AASP503206,项目设计,胡淑玲,32.0,1.0
AASP504006,航天器动力学与控制,郎安琪,32.0,2.0
AASP504106,航空发动机结构动力学,徐自力,32.0,2.0
CORE100106,力学与工程,"刘子顺,吴莹,王飞,刘振,罗亚军,李勇,郁汶山,申胜平",32.0,2.0
CORE100206,空间科学与空天技术,"武俊梅,刘马宝,刘振,董龙雷,郎安琪,陈刚",32.0,2.0
JZSJ900606,力学分析软件概论,"裴翠祥,贾坤",24.0,1.0
JZSJ900706,工程结构（实物）项目设计-1,李勇,16.0,0.5
JZSJ900806,结构模块课程设计-1,秦庆华,16.0,0.5
JZSJ901106,流体模块课程设计-2,阳倦成,16.0,0.5
MECH200106,张量分析与变分法,张伟旭,32.0,2.0
MECH300906,机械工程基础,张亚红,32.0,2.0
MECH311306,力学与空天工程概论,"刘马宝,郁汶山,徐光魁,谢勇,许丁,刘振,张科,雷蒋",16.0,1.0
MECH311406,工程力学II,伍晓红,48.0,3.0
MECH311506,工程力学I,谭宁,64.0,3.5
MECH311806,材料力学,王飞,56.0,3.5
MECH312006,基础力学实验-2,徐志敏,16.0,0.5
MECH400406,分析力学,江俊,32.0,2.0
MECH401206,振动力学,"徐自力,谢石林",48.0,3.0
MECH402706,计算固体力学,李录贤,40.0,2.0
MECH402806,流体力学Ⅱ,许丁,56.0,3.0
MECH402906,实验力学-1,"方钦志,裴翠祥,贾坤",32.0,2.0
MECH403006,实验力学-2,"方钦志,裴翠祥,贾坤",64.0,2.0
MECH511906,塑性力学,郁汶山,32.0,2.0
MECH512506,复合材料力学,刘益伦,32.0,2.0
MECH513406,土木工程结构基础,李勇,32.0,2.0
MECH513706,并行算法与程序设计,罗亚军,40.0,2.0
MECH513906,先进材料与结构,"张新华,丁春华",32.0,2.0
MECH514106,高等动力学,江俊,32.0,2.0
MECH514406,复合材料力学,宋亚勤,16.0,1.0
MECH514906,界面流体力学（英）,张旭瑞,20.0,1.0
MECH515306,流固耦合力学基础,"孟雪广,夏巍",32.0,2.0
MECH515606,旋涡运动基础,菅振,32.0,2.0
MECH516006,船舶与平台结构基础,秦庆华,16.0,1.0
SCTR400206,科研训练-2,郁汶山,80.0,0.5
ACAU300108,金融学,乔政,48.0,2.5
ACAU410108,F1 会计师与企业（ACCA）,赵红,48.0,3.0
ACAU410208,F2 管理会计（ACCA）,欧佩玉,48.0,3.0
ACAU410308,F3 财务会计（ACCA）,骆蕾,48.0,3.0
ACAU410408,F4 公司法与商法（ACCA）,FONSEKA MEIMANAGE MOHANPRADEEP,48.0,3.0
ACAU410808,F8 审计与认证业务,"李星,张晓红",64.0,4.0
ACAU410908,F9 财务管理,田高良,64.0,4.0
ACAU420208,中级财务会计 II,"李明轩,尹兴强",64.0,4.0
ACAU420608,税法,曹建安,32.0,2.0
ACAU511308,P4 高级财务管理,骆蕾,48.0,3.0
ACAU511408,P5 高级业绩管理,董南雁,48.0,3.0
ECND310308,宏观经济学Ⅰ,杨晶玉,48.0,3.0
GNED100508,《黄帝内经》中的管理哲学,魏泽龙,16.0,1.0
GNED100608,工程经济学,李健,32.0,2.0
GNED100708,中华德学原理源流与经典学习导引,程少川,16.0,1.0
GNED100908,创业学：从0到1,"姜飞飞,李丝雨",32.0,2.0
JZSJ900808,创新创业实践,高杰,32.0,1.0
JZSJ901108,专业实习 II,韩平,120.0,3.0
JZSJ901408,财务共享虚拟仿真,田高良,16.0,1.0
JZSJ901608,商务智能分析与实践,王尧,32.0,2.0
MAGT072408,管理学新生导论课,"舒成利,吴锋,高杰,廖貅武,林军,张,魏泽龙",16.0,1.0
MAGT172308,系统工程,杨臻,32.0,2.0
MAGT272208,现代企业管理,张,32.0,2.0
MAGT310508,管理信息系统,田军,32.0,2.0
MAGT310808,组织行为学Ⅰ,"梁巧转,尚玉钒,包艳",32.0,2.0
MAGT372808,数据结构与算法导论,原盛,32.0,2.0
MAGT420508,公司理财,陈军,32.0,2.0
MAGT420808,企业战略管理,杨建君,32.0,2.0
MAGT421108,薪酬与绩效管理,周密,32.0,2.0
MAGT472408,工业工程基础,张盛浩,32.0,2.0
MAGT472508,项目管理1,何正文,32.0,2.0
MAGT472708,设施规划与物流分析,贾涛,32.0,2.0
MAGT474008,人因工程,刘树林,32.0,2.0
MAGT476008,现代产品开发与设计,李刚,32.0,2.0
MAGT476608,现代物流与供应链管理,"王能民,张萌",32.0,2.0
MAGT476708,管理沟通,刘人境,32.0,2.0
MAGT477008,生产计划与控制,刘雅,32.0,2.0
MAGT479108,创新管理,魏泽龙,32.0,2.0
MAGT480508,智能决策与机器学习II,林绍波,32.0,2.0
MAGT480808,社交网络与文本分析,刘跃文,32.0,2.0
MAGT480908,大数据管理方法与应用,刘佳鹏,32.0,2.0
MAGT481208,大数据统计与计量分析II,刘笑笑,32.0,2.0
MAGT481308,最优化理论与算法I,王尧,32.0,2.0
MAGT572708,工业品营销与营销渠道管理,庄贵军,32.0,2.0
MAGT573908,消费者行为学,"杨林岩,刘园园",32.0,2.0
MAGT900108,大数据管理与应用实践,王迪,16.0,1.0
STAT310608,应用统计分析,林军,32.0,2.0
STAT310708,应用统计实践,"周晓阳,郑嘉俐",32.0,1.0
ARTS109410,音乐,"曹耿献,文茹,刘俊峰",32.0,2.0
ARTS110410,艺术欣赏与创作陶艺,张菊芳,32.0,1.0
ARTS110510,艺术欣赏与创作音乐,"曹耿献,方小笛,文茹",32.0,1.0
ARTS312910,中国古代文字学通论,刘琰,32.0,2.0
ARTS314110,立体构成,牛琛富茜,32.0,2.0
ARTS314510,设计概论,"牛琛富茜,刘清清,欧阳振宇",48.0,3.0
ARTS314710,现代设计史,赵一青,48.0,3.0
ARTS408510,楷书理论与实践2,薛养贤,48.0,3.0
ARTS408610,隶书理论与实践2,孙立滨,48.0,3.0
ARTS408810,行书理论与实践1,王劲,32.0,2.0
ARTS410510,字体设计,牛琛富茜,64.0,4.0
ARTS412110,行书理论与实践III,程健,48.0,3.0
ARTS412410,草书理论与实践II,王劲,48.0,3.0
ARTS413310,篆书理论与实践I,杨锁强,32.0,2.0
ARTS415010,篆书理论与实践III,杨锁强,48.0,3.0
ARTS415610,中外建筑史,"刘清清,许健",64.0,4.0
ARTS415710,雕塑发展简史,苗祥瑞,32.0,2.0
ARTS416410,雕塑专业基础Ⅰ,"张菊芳,欧阳振宇",64.0,4.0
ARTS416810,专业素描,苗祥瑞,64.0,4.0
ARTS417210,建筑制图基础,刘清清,48.0,3.0
ARTS417710,空间形式秩序,刘令贵,64.0,4.0
ARTS418010,信息编排设计,"鲁鹏,董琪",64.0,4.0
ARTS512210,中国书法遗迹考察,杨晓萍,32.0,2.0
ARTS516010,古代碑帖选读,李颖,32.0,2.0
ARTS516910,篆刻学II,孙立滨,32.0,2.0
ARTS517210,东亚书法史,李颖,32.0,2.0
ARTS517410,书法美学,杨晓萍,32.0,2.0
ARTS517510,碑帖鉴定,刘琰,32.0,2.0
ARTS519810,计算机专业创作应用 Ⅱ,陈强,48.0,3.0
ARTS520110,教育心理学,王瑜萍,32.0,2.0
ARTS520310,国际标准网页设计,薛白,64.0,4.0
ARTS520910,环境景观设计Ⅲ生态景观,"杨眉,刘清清",64.0,4.0
ARTS521210,室内空间设计Ⅱ公共空间,吴雪,64.0,4.0
ARTS521410,雕塑创作Ⅱ,苗祥瑞,48.0,3.0
ARTS521510,招贴设计,薛白,64.0,4.0
ARTS522410,VI视觉识别设计,董琪,64.0,4.0
ARTS522510,陶艺基础,张菊芳,48.0,3.0
ARTS522610,人物塑造Ⅳ-90cm人体写生,欧阳振宇,96.0,6.0
ARTS522910,空间设计表达,吴雪,64.0,4.0
ARTS523210,产品包装设计,牛琛富茜,48.0,3.0
ARTS523310,数字三维造型与表现,陈强,32.0,2.0
CORE100314,中国哲学经典著作导读,"燕连福,龚建平,邓妙子,妥建清,雒自新,李重,刘俊,韩鹏杰",32.0,2.0
CORE100510,音乐鉴赏,"梁睿,文茹,李娟,曹耿献,金晨,刘俊峰,方小笛",32.0,2.0
CORE100610,中国传统文化,"李娟,陆卫明,宋希斌,王劲,李红,鲁鹏,邓妙子,韩鹏杰",32.0,2.0
CORE100710,艺术美学,黎荔,32.0,2.0
CORE100810,心理学基础,"王瑜萍,倪晓莉",32.0,2.0
CORE100900,批判性与创新性思维导论,"韩鹏杰,张爱萍,王伟",32.0,2.0
CORE100910,交响音乐赏析,"文茹,方小笛,刘俊峰,李娟,曹耿献",32.0,2.0
CORE101110,创意写作,"张功长,李红,魏琛琳,姚明今,王瑶",32.0,2.0
CORE101210,美术与世界,"苗祥瑞,鲁鹏,牛琛富茜,熊雯,马田宽,张菊芳,周利明",32.0,2.0
CORE101310,生活中的社会学,"杨建科,彭瑾,孙晓冬,童梅",32.0,2.0
CORE101400,社会心理学,"王渭玲,王瑜萍,钱玉燕,倪晓莉,童梅",32.0,2.0
CORE110910,艺术设计与审美体验,"牛琛富茜,董琪,吴雪,赵兴杨,鲁鹏",32.0,2.0
CORE111110,音乐、哲学与科学思维,"方小笛,刘俊峰,吴伟烽,陈阳静,曹耿献",32.0,2.0
CORE111210,公益与慈善,"孙晓冬,李娜,彭瑾",32.0,2.0
CORE111310,中国文化与文学精粹,"李明,张功长,魏琛琳,李红,孙启洲,黎荔,刘彦彦",32.0,2.0
CORE111410,性别、 科学与美,"周屈兰,李科,祁磊,王奕轩",32.0,2.0
CORE111510,中国文化与中华民族共同体,"常新,曹耿献,熊雯,李晓光,魏琛琳,刘琰,张顺",32.0,2.0
CORE400110,诺贝尔文学奖获奖作品选读,"魏琛琳,翟杨莉,李红,张勇",32.0,2.0
ECND402610,经济社会学,"赵文龙,郝明松",48.0,3.0
GNED101710,信息哲学概论,邬天启,32.0,2.0
GNED101810,旧制度与大革命,杨建科,16.0,1.0
GNED101910,中国哲学的智慧,刘俊,32.0,2.0
GNED106610,声乐表演艺术,李娟,32.0,2.0
GNED106910,乐理与视唱,刘明,32.0,2.0
GNED107010,视觉素养导论,黎荔,32.0,2.0
GNED107110,影视鉴赏,"王瑶,魏琛琳,丁丁,曾祥金,姚明今",32.0,2.0
GNED107310,钢琴演奏表演艺术中级,"梁睿,刘明",64.0,4.0
GNED107510,钢琴演奏表演艺术初级,"梁睿,刘明",64.0,4.0
GNED107710,艺术导论,黎荔,32.0,2.0
GNED107910,欧洲浪漫音乐派欣赏,刘俊峰,32.0,2.0
GNED108010,书法鉴赏,程健,32.0,2.0
GNED108210,积极心理学：交大幸福课,"杨沈龙,丁晓军",32.0,2.0
GNED108410,＂中国风＂与中国古典音乐,"方小笛,文茹,曹耿献,李娟",32.0,2.0
GNED108710,中华文化经典选粹,"刘彦彦,韩鹏杰",16.0,1.0
GNED108910,心理学与生活,"王瑜萍,钱玉燕",16.0,1.0
GNED109210,音乐律动与身体表达,"曹耿献,梁睿",32.0,2.0
GNED110810,世界陶瓷文化,"欧阳振宇,薛白,张菊芳",32.0,2.0
GNED111310,《信任社会――论发展之缘起》导读,赵文龙,16.0,1.0
GNED111610,书法艺术与篆刻基础,程健,32.0,2.0
GNED111710,爱情心理学,"丁晓军,杨沈龙",32.0,2.0
GNED111810,音乐剧实践体验,金晨,32.0,2.0
GNED111910,文学与中国古代日常生活,"李明,许浩然,吴小侠,魏琛琳,罗军凤",32.0,2.0
GNED112110,中国音乐史与音乐考古,"熊雯,杨晓萍,张菊芳,芦芸,梁睿",32.0,2.0
GNED112210,地理信息与人类社会,贺力,32.0,2.0
GNED112510,计算社会科学导论,蔡萌,32.0,2.0
GNED112610,秦腔艺术与文化传承,"曹耿献,刘明,吴小侠",32.0,2.0
GNED112710,形式逻辑导论,张志伟,32.0,2.0
GNED113410,现实的社会建构--知识社会学论纲,侯利明,16.0,1.0
GNED115300,考古中国,张顺,32.0,2.0
GNED115400,灿烂的唐代文化,杨建科,32.0,2.0
JZSJ500110,社会调查实践,贺力,48.0,3.0
JZSJ900210,创新实践,贺力,96.0,3.0
LITE102710,语文2,"孙飞鹏,孙启洲",64.0,4.0
LITE103210,大学语文2（民族预科）,"孙飞鹏,翟杨莉,李明",64.0,4.0
LITE200110,应用写作,"翟杨莉,孙飞鹏,王瑶",32.0,2.0
LITE232410,学年论文1,丁丁,16.0,1.0
LITE232510,学年论文2,魏琛琳,16.0,1.0
LITE300310,诗词鉴赏与创作,李明,32.0,2.0
LITE300610,中国语言文学专业导论,"丁丁,王学强,许浩然,张勇,魏琛琳,王瑶,孙飞鹏",16.0,1.0
LITE431010,中国古代文学史II,许浩然,48.0,3.0
LITE431210,中国现代文学史,张勇,48.0,3.0
LITE431610,文艺美学,王学强,32.0,2.0
LITE431710,中国古代文论,翟杨莉,48.0,3.0
LITE432610,语言学概论,马梅玉,32.0,2.0
LITE434710,外国文学史,"欧宁,吴小侠",64.0,4.0
LITE435310,比较文学导论,魏琛琳,32.0,2.0
LITE530710,中国当代文艺思潮,翟杨莉,32.0,2.0
LITE532310,学年论文,王嘉新,16.0,1.0
LITE533110,《诗经》与礼乐文化,罗军凤,32.0,2.0
LITE533610,对外汉语教学,"李馨郁,路荣,赵炜,王美玲,冯潇",32.0,2.0
LITE533710,影视鉴赏与制作,姚明今,32.0,2.0
LITE534310,社会语言学,马梅玉,32.0,2.0
LITE534610,汉字与中国传统文化,丁丁,32.0,2.0
LITE534710,唐诗与长安,李明,32.0,2.0
LITE535110,戏曲鉴赏,吴小侠,32.0,2.0
PHLS200210,clwu测试课程（请勿使用）,"教务系统管理员,系统测试",0.0,0.0
PHLS301310,逻辑与批判性思维,"王伟,贺艳,雒自新,丁晓军",32.0,2.0
PHLS301410,人工智能的哲学基础与伦理,"张志伟,丁晓军",16.0,1.0
PHLS301510,哲学导论,王嘉新,16.0,1.0
PHLS402910,伦理学,钟治国,48.0,3.0
PHLS403210,马克思主义哲学原著选读,马文保,48.0,3.0
PHLS403310,西方哲学原著选读,"曹聪,王嘉新",48.0,3.0
PHLS403410,中国哲学原著选读,"常新,邓妙子,钟治国",48.0,3.0
PHLS403510,宗教哲学,邓妙子,48.0,3.0
PHLS403910,西方哲学史 II,"王嘉新,张志伟,邬天启",48.0,3.0
PHLS404010,马克思主义哲学史II,王健,48.0,3.0
PHLS404110,西方哲学史I,"曹聪,王嘉新",64.0,4.0
PHLS404210,中国哲学史I,钟治国,48.0,3.0
PHLS502910,宋明理学,刘俊,32.0,2.0
PHLS503510,科学技术史,陈夕朦,32.0,2.0
PHLS503710,自然辩证法,王有腔,32.0,2.0
PHLS503910,认知科学的哲学基础,"王小红,科林・艾伦",32.0,2.0
PHLS504110,形而上学导论,张志伟,32.0,2.0
PHLS504210,复杂信息系统理论基础,邬j,32.0,2.0
PHLS504510,哲学外语,丁晓军,32.0,2.0
PHLS505310,中国现当代哲学前沿,龚建平,32.0,2.0
PHLS505610,价值哲学导论,王振嵩,32.0,2.0
PHLS506010,政治哲学导论,邱根江,32.0,2.0
PSYL300144,医学心理学,王渭玲,32.0,2.0
SOCL301310,社会研究方法,"郭小弦,李晓光,帅满",32.0,2.0
SOCL402110,中国社会学史,姜利标,32.0,2.0
SOCL402310,社会分层与流动,"张顺,郭小弦,侯利明",48.0,3.0
SOCL402510,组织社会学,李晓光,48.0,3.0
SOCL402710,农村社会学,郝明松,32.0,2.0
SOCL402910,社会统计学,朱晓文,48.0,3.0
SOCL403310,社会工作原理,闫臻,32.0,2.0
SOCL404110,社会组织管理,孙晓冬,48.0,3.0
SOCL404210,社会服务项目开发与评估,彭瑾,48.0,3.0
SOCL503110,社区概论,帅满,48.0,3.0
SOCL503610,社会网络分析,"杨张博,刘军",48.0,3.0
SOCL503710,家庭与性别社会学 Sociology of Family and Gender,王奕轩,48.0,3.0
SOCL504210,社会政策学,郭小弦,32.0,2.0
SOCL504810,西方社会学理论前沿,姜利标,32.0,2.0
CORE100600,新媒体与社会治理,"张立,蒙胜军,李明德",32.0,2.0
CUIC000120,网络与新媒体专业导论,"李明德,张宏邦,刘婵君",16.0,1.0
CUIC400120,媒介伦理与法治,申楠,48.0,3.0
CUIC400320,网络舆情监测与研判,张立,48.0,3.0
CUIC400920,融合新闻学,陈积银,48.0,3.0
CUIC401020,网络与新媒体概论,沈霄,32.0,2.0
CUIC401220,媒介运营与管理,张宏邦,48.0,3.0
CUIC401320,网络舆论学,张铁云,32.0,2.0
CUIC401610,传播学研究方法,张立,48.0,3.0
CUIC500620,数字媒介概论,牛耀红,32.0,2.0
CUIC500920,国际传播,申楠,48.0,3.0
CUIC501420,批判传播学,徐婧,32.0,2.0
CUIC503410,网页设计与制作,杨帆,32.0,2.0
GNED100120,理解我们生活的世界：批判视野下的媒介与社会,徐婧,16.0,1.0
GNED100220,网络媒介素养,"廖政贸,王威力,刘婵君",32.0,2.0
GNED100320,大数据时代的新媒体传播,"刘蒙阕,杨帆,马晓悦",32.0,2.0
GNED100420,危机传播学：从理论到实战,"李巨星,廖政贸,张窈,王威力,李明德",32.0,2.0
JZSJ900220,学年论文,李巨星,0.0,2.0
0H00200100,24式太极拳,宋绍鹏,16.0,0.0
GNED101350,中华武术文化及其发展态势,洪流,32.0,2.0
GNED102850,射艺,潘秀刚,32.0,2.0
GNED102950,健康管理与健身方法,潘秀刚,32.0,2.0
GNED103050,户外运动技能拓展训练,弥军民,32.0,2.0
GNED103150,中华武术文化传承与实践,洪流,32.0,2.0
GNED103250,民族传统体育传承与实践,李宝成,32.0,2.0
PHED102650,体育２（民族预科）,李宝成,32.0,0.5
PHED109150,体育-2,邓冬华,32.0,0.5
PHED109350,体育-4,吴宝才,32.0,0.5
PHED200250,预科体育2,"裴永杰,谢招福",32.0,0.5
PHED200550,运动训练4,位桂香,32.0,1.0
PHED201050,运动训练-2,位桂香,64.0,4.0
PHED900150,长跑,刘长江,16.0,0.0
PHED900250,200米游泳,刘迅雷,16.0,0.0
ARAB400212,基础阿拉伯语I,"任婉尘,李万春",96.0,6.0
ARAB400512,基础阿拉伯语口语,任婉尘,32.0,2.0
CORE100212,中西文化比较,"田美,彭凤玲,杨瑞英,葛冬梅",32.0,2.0
CORE100312,欧洲文明的现代历程,"张雨金,邱鹄,张莉,田鹏",32.0,2.0
CORE100412,逻辑思维与交流,"吉乐,成F,邵娟,龚颖,牛莉",32.0,2.0
ENGL101912,出国访学准备（钱学森学院）,龚颖,32.0,2.0
ENGL110612,医学英语词汇（留）,"范晓晖,陈向京,朱元",48.0,3.0
ENGL110812,二外\/英语-1,赵葆珉,32.0,2.0
ENGL110912,二外\/英语-3,赵葆珉,32.0,2.0
ENGL200312,阅读与写作（少年班）2,成F,32.0,2.0
ENGL200612,交流与表达（少年班）2,牛莉,32.0,2.0
ENGL201012,大学英语2（民族预科）,"李蓓岚,郭继荣",64.0,4.0
ENGL201612,人文英语阅读,闫秀荣,32.0,2.0
ENGL202212,新闻英语阅读,冯娟,32.0,2.0
ENGL202612,医学英语-2,晏国莉,32.0,2.0
ENGL203112,英语学术论文写作,葛冬梅,32.0,2.0
ENGL203212,中级英语写作,任军锋,32.0,2.0
ENGL203312,中国文化翻译,尹转云,32.0,2.0
ENGL203412,阅读与思辨,李秦,32.0,2.0
ENGL203512,英语写作基础,杨亭,32.0,2.0
ENGL203612,雅思写作,王东,32.0,2.0
ENGL203712,沟通与文化交流,刘艳菊,32.0,2.0
ENGL203812,雅思口语,XU CHEN,32.0,2.0
ENGL203912,TED英语视听说I,李瑛,32.0,2.0
ENGL204012,TED 英语视听说II,胡勇强,32.0,2.0
ENGL204112,医学英语视听说,聂文信,32.0,2.0
ENGL204412,新一代大学英语,"许梅,李瑛,卫朝霞,陈向京",32.0,2.0
ENGL205012,国际学术交流英语,BOYCE SUSANNAH HAZEL,32.0,2.0
ENGL205212,国际人才英语,张静洁,32.0,2.0
ENGL205312,医学英语写作,詹菊红,32.0,2.0
ENGL410712,英语语法,"陈向京,张蕾",32.0,2.0
ENGL440512,英国文学赏读,LEWIS EDWARD,48.0,3.0
ENGL440912,英语口语交流,CHALLENOR ROBIN MARTIN,32.0,2.0
ENGL441012,基础英语写作,彭凤玲,32.0,2.0
ENGL441812,英语国家社会与文化（日英方向）,LEWIS EDWARD,32.0,2.0
ENGL441912,美国文学史及选读（日英方向）,NOLAN  TOM,32.0,2.0
ENGL442212,英语写作（日英方向）,彭凤玲,32.0,2.0
ENGL442312,综合英语（日英方向）I-2,"李莹,曹浩煊,张蕾",64.0,4.0
ENGL442612,英语视听说（日英方向）-2,张莉,32.0,2.0
ENGL442712,美国文学史及选读-2,"NOLAN  TOM,史鹏路",32.0,2.0
ENGL442912,英语国家社会与文化-1,高岩杰,24.0,1.5
ENGL443212,口译实务-2,"李雅丽,常虹",24.0,1.5
ENGL443412,英语演讲,刘睿,32.0,2.0
ENGL443712,英语写作-2,彭凤玲,24.0,1.5
ENGL443912,英语视听说-2,"董艳云,CHALLENOR ROBIN MARTIN",64.0,4.0
ENGL444012,高级英语-2,赵葆珉,48.0,3.0
ENGL444212,笔译-2,张敏,24.0,1.5
ENGL444312,高级英语写作-2,范晓晖,24.0,1.5
ENGL444812,英国文学史及选读-2,"刘丹翎,LEWIS EDWARD",32.0,2.0
ENGL445012,综合英语-2,黄平安,48.0,3.0
ENGL510412,诗歌赏析与翻译,曹浩煊,16.0,1.0
ENGL520112,英汉语言对比研究,李莹,16.0,1.0
ENGL530512,英语词汇学,"袁芳,魏行",32.0,2.0
ENGL531612,英美戏剧,LEWIS EDWARD,32.0,2.0
ENGL531712,文化批评：理论与实践,史鹏路,16.0,1.0
ENGL531812,商务英语,周庆华,32.0,2.0
ENGL532212,高级英语视听说-2,"吴洁莹,CHALLENOR ROBIN MARTIN",48.0,3.0
ENGL532512,应用语言学概论,"张蕾,张晓鹏",16.0,1.0
ENGL532812,国际交流演讲与辩论,胡洁,32.0,2.0
ENGL532912,托福强化,林玉萍,32.0,2.0
ENGL533012,英语学术写作与展示,吴萍,32.0,2.0
ENGL533112,希伯来文学经典与西方文化,杜丽霞,32.0,2.0
ESPA100312,二外\/西班牙语-2,田沛,64.0,4.0
FRAN110412,二外\/法语-2,"樊静薇,王奕",64.0,4.0
FRAN440812,初级法语-2,郭琳,64.0,4.0
FRAN441212,法语泛读,BAROT OLIVIER CYRIL,16.0,1.0
FRAN441312,法语视听说II-2,COUSTE PHILIPPE EMMANUEL,16.0,1.0
FRAN441412,法语视听说III-2,COUSTE PHILIPPE EMMANUEL,16.0,1.0
FRAN441612,法语语法,郭琳,16.0,1.0
FRAN441812,法语视听说I-2,COUSTE PHILIPPE EMMANUEL,16.0,1.0
FRAN442012,综合法语II-2,"樊静薇,李文君",128.0,8.0
FRAN442212,法语听力,孟丽娜,32.0,2.0
FRAN442412,综合法语III-2,寇媛媛,96.0,6.0
FRAN442512,法语会话,BAROT OLIVIER CYRIL,16.0,1.0
FRAN443012,综合法语I-2,"王奕,孟丽娜",128.0,8.0
FRAN541112,法语报刊选读,樊静薇,16.0,1.0
FRAN541712,中法跨文化交际,王奕,16.0,1.0
FRAN541912,旅游法语,李文君,16.0,1.0
FRAN542112,法语国家及地区文化,BAROT OLIVIER CYRIL,16.0,1.0
FRAN542412,法语计算机信息处理,陈芯莹,16.0,1.0
FRAN542512,现当代法语文学导读,BAROT OLIVIER CYRIL,16.0,1.0
FRAN542612,基础法语视听说-1,COUSTE PHILIPPE EMMANUEL,32.0,2.0
GERM110912,二外\/德语-2,钟游,64.0,4.0
GERM441212,中级德语-2,邹莹,64.0,4.0
GERM540312,基础德语视听说-3,何小超,32.0,2.0
GNED104912,中华诗词创作入门,"金中,李明",32.0,2.0
GNED105412,“丝绸之路”文学史话,"范文娟,任婉尘",32.0,2.0
GNED105512,英语演讲艺术,张莉,32.0,2.0
GNED107512,出国访学准备：跨文化学术交流基础,成F,32.0,2.0
GNED107612,英语经典阅读：《西行漫记》与《老人与海》,"杜丽霞,曹浩煊",16.0,1.0
GNED107712,莎士比亚戏剧名段赏读,"刘丹翎,靳蓉",16.0,1.0
GNED107812,中亚文明史,李万春,32.0,2.0
GNED107912,古代阿拉伯文明史,"李万春,任婉尘",32.0,2.0
GNED108012,日本社会与文化,王晶,32.0,2.0
GNED108112,西班牙语语言与文化,田沛,64.0,4.0
GNED108212,中阿语言文化交际与实践,任婉尘,64.0,4.0
GNED108312,德语区语言与文化,赵欣,64.0,4.0
GNED108412,俄罗斯语言与文化,刘彦晶,64.0,4.0
GNED108612,世界文明与跨文化沟通,"方菁,卢燕华,李蓓岚,郭继荣",32.0,2.0
GNED108712,心理、行为与文化,"赵荣,姚昭",32.0,2.0
JAPN110812,二外\/日语-2,"曹红荃,任宏昊,张文丽",64.0,4.0
JAPN111012,日语基础,"张文丽,曹红荃",32.0,2.0
JAPN420412,日语写作,KUGAWA MICHITAKE,32.0,2.0
JAPN430512,篇章分析与高级阅读,张文丽,32.0,2.0
JAPN430612,日语口译,李国栋,32.0,2.0
JAPN440212,日语学术论文特征与写作,"霍士富,曹红荃",32.0,2.0
JAPN440412,基础日语,"沈丽芳,时渝轩",90.0,6.0
JAPN440512,日语写作,"任宏昊,李国栋",32.0,2.0
JAPN440612,综合日语听说,时渝轩,32.0,2.0
JAPN440812,综合日语,孙莉,60.0,4.0
JAPN440912,日语会话,"任宏昊,李国栋",32.0,2.0
JAPN441112,日语语言学概论,张伟莉,32.0,2.0
JAPN441312,日语听说I-2,张伟莉,32.0,2.0
JAPN441412,综合日语I-2,"NISHIKAWA YURI,孙莉",144.0,9.0
JAPN441612,日语听说II-2,沈丽芳,32.0,2.0
JAPN442012,综合日语II-2,"OKUNO TAKATO,王晶",128.0,8.0
JAPN442112,日语听说Ⅲ-2,NISHIKAWA YURI,32.0,2.0
JAPN442212,综合日语Ⅲ-2,KUGAWA MICHITAKE,64.0,4.0
JAPN520112,日本概况,李宁,32.0,2.0
JAPN520212,中级日语综合训练,"沈丽芳,王晶",16.0,1.0
JAPN530312,日语文言语法,金中,32.0,2.0
JAPN530412,商贸日语,"张文丽,KUGAWA MICHITAKE",32.0,2.0
JAPN530512,日本现代社会,张长安,32.0,2.0
JAPN541212,日语口语II-2,"OKUNO TAKATO,NISHIKAWA YURI",32.0,2.0
JAPN541312,日语口语I-2,OKUNO TAKATO,32.0,2.0
JZSJ900612,英语听说实践,董艳云,16.0,0.5
JZSJ900812,日语口译实践,李国栋,16.0,0.5
JZSJ900912,日语听说实践,孙莉,32.0,1.0
JZSJ901012,日语写作实践,张文丽,16.0,0.5
PRAC410312,“模拟联合国大会”训练,李莹,16.0,0.5
PRAC410512,英语翻译实践,张敏,16.0,0.5
PRAC430212,法语阅读实践,BAROT OLIVIER CYRIL,32.0,1.0
RUSS430212,俄译汉,叶琳,32.0,2.0
RUSS440512,高级俄语-2,刘彦晶,64.0,4.0
RUSS530212,俄语报刊阅读,"YANGUTOVA RITA,彭玲",32.0,2.0
RUSS540512,基础俄语视听说-5,李文华,16.0,1.0
BASM310613,医学基础,"吴静,李延海",64.0,4.0
BICH300613,生物化学实验,"孔宇,李华",32.0,1.0
BIME000213,生物医学工程导论,张建保,16.0,1.0
BIME410513,医学信息工程,"王刚,闫相国",32.0,2.0
BIME411613,生物医学传感与仪器,"李津,闫相国",48.0,3.0
BIME411813,生物医学传感与仪器专题实验,"李津,张博",32.0,1.0
BIME412413,医学智能诊断,许夏瑜,44.0,2.0
BIME412713,生物医学工程综合设计实验Ⅰ,周秦武,32.0,1.0
BIME412813,医学基础专题实验,刘雪良,32.0,1.0
BIME413013,生物医学工程概论,张建保,32.0,2.0
BIME510213,康复工程,"王珏,刘天,李津",32.0,2.0
BIME510713,医用光学仪器,王斯佳,32.0,2.0
BIME511113,功能生物材料,"林敏,靳国瑞,马玉菲",32.0,2.0
BIME511313,微流体检测技术,"杨清振,冯上升",32.0,2.0
BIME512013,单片机与嵌入式系统,"周秦武,杨h",64.0,3.0
BIME512113,医疗器械研发管理与产品认证,"李剑君,刘颖",36.0,2.0
BIME512313,生物仪器分析,"赵永席,魏晶,武亚艳",44.0,2.0
BIME512413,数据结构与算法,"许夏瑜,张博",40.0,2.0
BIME512813,生物信息学,"吴晓明,张虎勤",40.0,2.0
BIME513013,物理治疗原理与设备,张思远,32.0,2.0
BIME513213,生物传热与传质,"徐峰,冯上升,杨清振,何晓聪",32.0,2.0
BIOL000113,生命科学导论,丁岩,16.0,1.0
BIOL200413,生物2,闫菡,40.0,2.0
BIOL200913,生命科学基础I,"闫菡,郭莉,孔令洪",56.0,3.0
BIOL201013,生命科学基础II,"刘雪良,刘颖",56.0,3.0
BIOL201213,生物技术原理-2,"孔令洪,高美丽,卢晓云,龙建纲,杨铁林,刘华东,王昌河,丁健,成瀛",40.0,2.0
BIOL310513,遗传学实验,杨铁林,32.0,1.0
BIOL310713,细胞生物学 Cell Biology,丁岩,48.0,3.0
BIOL310913,遗传学Genetics,"闫菡,郭燕,杨铁林",56.0,3.5
BIOL320413,分子与细胞生物学实验,孙书洪,32.0,1.0
BIOL320513,分子与细胞生物学,"卢晓云,丁岩",80.0,5.0
BIOL320613,生物学基础Fundamental Biology,闫菡,48.0,3.0
BIOL320813,普通生物学,闫菡,32.0,2.0
BIOL321013,遗传学,"郭燕,杨铁林",48.0,3.0
BIOL321113,生物化学-2,"龙建纲,孔宇",32.0,2.0
BIOL420713,化学生物学,李菲,48.0,3.0
BIOL421413,分离综合开放实验,"张雅利,孔宇",48.0,1.5
BIOL421613,生物化学-2,"李剑君,孔宇",48.0,3.0
BIOL421813,细胞综合开放实验,"高美丽,许丹",48.0,1.5
BIOL422113,微生物学,"张雅利,许丹,曹可",56.0,3.0
BIOL422313,现代仪器分析,"武亚艳,赵永席",56.0,3.0
BIOL422613,生物创新综合实验-1,刘华东,64.0,2.0
BIOL511313,神经生物学与脑科学,李延海,32.0,2.0
BIOL521113,合成生物学,谭丹,32.0,2.0
BIOL521413,生物制药技术,孔令洪,32.0,2.0
BIOL521513,发酵技术与应用,高美丽,32.0,2.0
BIOL521613,基因组学,"郭燕,杨铁林",32.0,2.0
CHEM210713,生化仪器分析,"武亚艳,孔宇,赵永席",32.0,2.0
CORE100113,生命起源与生物进化,"刘晓刚,吴道澄",32.0,2.0
CORE100213,华夏文明探源工程概述,张虎勤,32.0,2.0
CORE101200,营养与健康,"龙建纲,成瀛,赵琳,丁岩,张雅利",32.0,2.0
GRDE400113,毕业设计,王昌河,0.0,10.0
JZSJ900113,综合实践训练-2,朱键,16.0,0.5
PHMA300148,生物技术与制药,孔令洪,40.0,2.5
SCTR400813,创新研究与训练1,许丹,0.0,0.5
ACAU323019,会计学,毛秋蓉,48.0,3.0
CORE100319,生活中的经济学,乔志林,32.0,2.0
CORE100419,破解中国经济发展之谜,李春米,32.0,2.0
ECMT480619,电子商务物流管理,"王立华,张桂清,徐晓瑜,乔志林",32.0,2.0
ECMT481219,电子商务原理,徐晓瑜,36.0,2.0
ECMT481319,网络经济学,王晔,34.0,2.0
ECMT581219,客户关系管理,薛伟宏,32.0,2.0
ECMT581719,多媒体技术,应,40.0,2.0
ECMT582319,电子政务,王立华,36.0,2.0
ECMT582419,人工智能概论,周博,40.0,2.0
ECMT583119,金融电子商务,张桂清,40.0,2.0
ECND000419,经济学专业导论,"宋丽颖,杨秀云,闫奕荣,张慧芳,李春米,徐凤敏,乔志林,马草原",16.0,1.0
ECND312619,宏观经济学Ⅱ,冯亚萍,32.0,2.0
ECND312819,宏观经济学,张蕾,64.0,4.0
ECND313019,宏观经济学,"李华清,李春米",64.0,4.0
ECND410419,中级宏观经济学,魏玮,48.0,3.0
ECND410819,博弈论,张帆,48.0,3.0
ECND411019,人力资源管理,赵志平,32.0,2.0
ECND411319,微观经济学,李华清,48.0,3.0
ECND411419,公司理财,李春米,48.0,3.0
ECND411619,市场营销,张慧芳,32.0,2.0
ECND411819,博弈论,闫大卫,48.0,3.0
ECND411919,行为经济学,张蕾,32.0,2.0
ECND511119,资本论选读,赵志平,32.0,2.0
ECND511219,环境与资源经济学,"贾智杰,张慧芳",32.0,2.0
ECND511319,公共经济学,贾小玫,32.0,2.0
ECND511819,激励经济学,"程瑜,聂鹏",32.0,2.0
ECND512519,经济学概论,李华清,32.0,2.0
ECND513019,博弈论,王锋,32.0,2.0
FINA320119,金融学,高蓓,44.0,2.5
FINA340319,金融学,"李成,袁静文",48.0,2.5
FINA420619,国际金融学,高蓓,40.0,2.5
FINA420719,中央银行学,陶玲琴,32.0,2.0
FINA420819,公司金融,李倩,32.0,2.0
FINA430219,连续时间金融,徐凤敏,32.0,2.0
FINA430419,固定收益证券,王雪萍,32.0,2.0
FINA430619,算法与数据结构,李巍军,32.0,2.0
FINA440319,政府预算管理,"王俊霞,陈甄妮",24.0,1.5
FINA440619,公债学,"邓晓兰,鄢哲明",32.0,2.0
FINA440919,中央银行学,陶玲琴,32.0,2.0
FINA441019,金融学,张昭,48.0,3.0
FINA441119,经济学,王政霞,48.0,3.0
FINA441219,证券投资学,刘亚萍,32.0,2.0
FINA441519,公司金融,毛秋蓉,32.0,2.0
FINA441619,金融市场学,毛秋蓉,48.0,3.0
FINA442019,税务筹划,"张雅丽,薛晓琳",36.0,2.0
FINA442219,建行企业文化与普惠金融,李淑彪,32.0,2.0
FINA442719,数字货币与金融风险管理,李锐,32.0,2.0
FINA442919,银行金融科技管理,程茂勇,32.0,2.0
FINA521119,投资项目评估,毛英,32.0,2.0
FINA521219,金融工程,薛宏刚,32.0,2.0
FINA521519,银行会计,杨丽荣,40.0,2.5
FINA531519,金融风险管理,马草原,32.0,2.0
FINA531619,互联网金融,"张成虎,王雪萍,李淑彪",32.0,2.0
FINA532219,个人理财,史芳丽,32.0,2.0
FINA540919,政府采购管理,"宋丽颖,王爱琴",32.0,2.0
FINA541819,外国税制,刘华,32.0,2.0
FINA542219,金融工程案例分析,徐凤敏,32.0,2.0
FINA542519,金融大数据应用,董志龙,40.0,2.0
FINA542619,投资基金管理,王国林,32.0,2.0
FINA542919,量化投资技术与方法,元向辉,32.0,2.0
GNED100319,宏观经济学,闫大卫,32.0,2.0
GNED100419,微观经济学,李华清,32.0,2.0
GNED101119,中国经济改革的理论与实践,程瑜,32.0,2.0
GNED101219,世界经济史,冯亚萍,32.0,2.0
GNED101319,气候变化经济学,杨凌,32.0,2.0
INTE100119,经贸汉语,徐丽华,64.0,4.0
INTE352719,国际经济学导论,姚芳,32.0,2.0
INTE453119,国际市场营销学,赵锴,40.0,2.5
INTE453519,国际商务,李石,40.0,2.5
INTE453719,国际贸易实务,董兵昌,40.0,2.5
INTE453919,跨国公司经营管理,王增涛,32.0,2.0
INTE454219,国际市场营销学,"袁晓玲,赵锴",40.0,2.0
INTE454319,国际商务,李石,32.0,2.0
INTE454419,国际贸易实务,董兵昌,36.0,2.0
INTE551919,世界经济地理,杨少华,32.0,2.0
INTE552719,国际市场调研与预测,倪撑社,32.0,2.0
INTE552819,国际技术与服务贸易,王茜草,32.0,2.0
INTE553419,跨境电子商务,徐丽华,40.0,2.0
STAT370519,统计学,吴静娴,48.0,2.5
STAT470319,国民经济统计学,周亚莉,32.0,2.0
STAT471119,多元统计分析,严明义,44.0,2.5
STAT571319,金融交易技术分析,路维春,32.0,2.0
TREC460519,现代物流管理,LI ZHENG,32.0,2.0
TREC460619,公共关系学,刘泓汛,24.0,1.5
TREC460719,连锁经营与管理,吉雪亭,24.0,1.5
TREC461019,战略管理,"孙早,王凌云",32.0,2.0
TREC561119,商业伦理学,彭晖,32.0,2.0
TREC561319,投资评估,李世英,32.0,2.0
TREC561619,商务谈判,杨少华,32.0,2.0
TREC562519,经济博弈论,王锋,32.0,2.0
JZSJ900124,科研训练-2,丁卫,32.0,1.0
LAWS300724,经济法学,冯宪芬,32.0,2.0
LAWS302024,法治中国与善治,吴关龙,32.0,2.0
LAWS401624,劳动与社会保障法学,王玉苹,32.0,2.0
LAWS403124,法律诊所,寿媛君,0.0,2.0
LAWS403224,商法学,楼晓,48.0,3.0
LAWS403424,国际经济法学,林雪贞,48.0,3.0
LAWS403624,经济法,齐鹏,48.0,3.0
LAWS403724,民法学与民事诉讼法学,聂卫锋,48.0,3.0
LAWS403824,法理学,吴关龙,48.0,3.0
LAWS404224,国际私法学（英）,郭剑萍,32.0,2.0
LAWS404324,国际经济法学,陈虹睿,32.0,2.0
LAWS404424,中国法律史Ⅱ,吴关龙,32.0,2.0
LAWS404524,国际经济法学（英）,"王鹏,谷婀娜",32.0,2.0
LAWS404624,中国法律史Ⅰ,杜军强,32.0,2.0
LAWS404724,国际私法学,李万强,32.0,2.0
LAWS404824,国际法学（英）,"单文华,谷婀娜",32.0,2.0
LAWS405124,知识产权法Ⅰ,李晓鸣,32.0,2.0
LAWS405224,刑法分论Ⅰ,苏青,48.0,3.0
LAWS405524,法庭辩论与法律谈判,"李晓鸣,寿媛君",64.0,2.0
LAWS405724,刑法分论Ⅱ,苏青,48.0,3.0
LAWS405824,知识产权法Ⅱ,李晓鸣,32.0,2.0
LAWS405924,民法分论,薛华,48.0,3.0
LAWS500424,外国法制史,王玉苹,32.0,2.0
LAWS500524,立法学,张艾思,32.0,2.0
LAWS500724,法学研究方法与论文写作,齐鹏,32.0,2.0
LAWS501024,物权法,王玉苹,32.0,2.0
LAWS501124,合同法,吴国,32.0,2.0
LAWS501224,亲属与继承法,薛华,32.0,2.0
LAWS501324,公司法,张冰,32.0,2.0
LAWS501424,金融法,张冰,32.0,2.0
LAWS501724,科技法学,"马治国,曹毅搏",32.0,2.0
LAWS501824,信息安全法学,王h,32.0,2.0
LAWS503424,劳动与社会保障法学,王玉苹,32.0,2.0
LAWS505524,国际投资法,"张生,单文华",32.0,2.0
LAWS506224,法律英语,刘丽娜,32.0,2.0
LAWS508224,国际商法,陈虹睿,32.0,2.0
LAWS508324,国际法导论,Diego German Mejía Lemos,16.0,1.0
CORE100200,生命与伦理,"魏琳,宋彬,王h,冯亮,吕焰",32.0,2.0
GNED107114,《共产党宣言》导读,"梁军,吴鹏,苏玉波",16.0,1.0
GNED107314,中共党史,"田建军,陆卫明",32.0,2.0
GNED107714,西迁精神与大学文化,"成进,苏玉波,吕青,程洪莉,杨澜涛,史瑞琼,李重",16.0,1.0
JZSJ200114,课程设计,宋希斌,0.0,1.0
MLMD100214,中国近现代史纲要,王书吟,32.0,2.0
MLMD100514,形势与政策,李家胜,32.0,1.0
MLMD190814,形势与政策2（民族预科）,李家胜,32.0,2.0
MLMD193414,习近平新时代中国特色社会主义思想概论,张振,32.0,2.0
MLMD196614,马克思主义基本原理,范玉仙,48.0,3.0
MLMD198114,形势与政策（专题一：朝鲜半岛局势）,李勤,2.0,0.0
MLMD198214,形势与政策（专题三：两会精神解读),高飞,2.0,0.0
MLMD198314,形势与政策（专题二：一国两制与祖国统一）,伊景冰,2.0,0.0
MLMD198414,形势与政策（专题五：西迁精神的历史意义与时代价值）,韩锐,2.0,0.0
MLMD198514,形势与政策（专题八：正确认识中印军长级会谈）,李家胜,2.0,0.0
MLMD198614,形势与政策（专题十：十九届六中全会精神解读）,杨华,2.0,0.0
MLMD198714,形势与政策（专题十一：求解共同富裕的中国命题）,冯亮,2.0,0.0
MLMD198814,形势与政策（专题四：2021-2022年中国经济形势）,何志敏,2.0,0.0
MLMD198914,形势与政策（专题九：中国特色大国外交）,朱旭,2.0,0.0
MLMD199014,形势与政策（专题六：站在历史正确一边、共创祖国统一伟业）,雒自新,2.0,0.0
MLMD199114,形势与政策（专题七：习近平关于互联网发展的重要论述）,高如,2.0,0.0
MLMD199214,形势与政策（专题十二：冬奥精神）,岳潇,2.0,0.0
MLMD402814,中共党史,"陆卫明,田建军,杜晓燕",48.0,3.0
MLMD402914,思想政治教育原理与方法研究,"马忠,高飞,吕焰,燕连福,杨华,冯亮,雒自新,朱旭",48.0,3.0
MLMD403114,西方哲学史,寇爱林,48.0,3.0
MLMD403414,马克思主义哲学专题研究,张科豪,48.0,3.0
MLMD403714,马克思主义哲学经典著作选读,燕连福,48.0,3.0
MLMD502414,现代西方经济学流派,樊晓燕,48.0,3.0
MLMD502514,伦理学概论,"邓妙子,雒自新,吕焰,冯亮,高飞,杨华",32.0,2.0
MLMD502614,西方政治思想史,李景平,48.0,3.0
MLMD502714,世界近现代史,金新,48.0,3.0
MLMD503414,当代中国政府与政治,王维国,32.0,2.0
MLMD503514,马克思主义与当代社会思潮,王哲,48.0,3.0
PHLS100914,医学伦理学,"魏琳,宋彬",32.0,2.0
POLI100114,当代世界政治与经济,金新,32.0,2.0
POLI100214,政治经济学,刘儒,48.0,3.0
MATH010007,专业导论（数学类）,"徐宗本,郗平,孙剑,孟德宇",16.0,1.0
MATH201107,复变函数与积分变换,陈虎民,48.0,3.0
MATH201307,数学建模I,乔琛,58.0,3.0
MATH201407,数学建模II,李换琴,40.0,2.0
MATH201507,经济数学建模,刘康民,36.0,2.0
MATH201607,数学物理方程,王宇莹,32.0,2.0
MATH293207,线性代数,张红英,64.0,4.0
MATH293307,基础数学实验,马军,48.0,2.0
MATH293507,数学Ⅱ,李田,48.0,3.0
MATH293607,高等数学（留） II2,刘峰,104.0,6.5
MATH293807,高等数学（民族预科）,邸双亮,96.0,6.0
MATH294307,高等数学I-2,刘晋平,110.0,6.5
MATH294407,高等数学II,马军,64.0,4.0
MATH294607,数学分析II-2,"陆亚明,杨鹤然",96.0,6.0
MATH294907,数学分析I-2,"李田,唐彪",96.0,6.0
MATH295207,高等代数与几何I-2,"王卫,张伟娟",96.0,6.0
MATH295407,高等代数与几何II-2,"贾惠莲,令丹",80.0,5.0
MATH295507,概率论与数理统计,梅占东,48.0,3.0
MATH295607,概率统计与随机过程,王宁,64.0,4.0
MATH295907,高等数学I-2（留）,刘峰,88.0,5.5
MATH296107,工科数学分析-2,李继成,99.0,6.0
MATH296407,工科数学分析-2,徐文雄,99.0,6.0
MATH296707,高等数学I-2课程答疑,"赵小艳,李继成,秦军林,常争鸣,高安喜,刘康民,褚蕾蕾,王峰,齐雪林,吴慧卓,李萍,乔亚梅,刘卫江,赫孝良,戴永红,王勇茂,潘智民,张永怀,贾惠莲,魏平,郭丁和,葛照强,张芳,王宁",0.0,0.0
MATH311107,实变函数,邸双亮,48.0,3.0
MATH311207,复变函数,郭振宇,48.0,3.0
MATH311607,实变函数,刘小川,64.0,4.0
MATH325107,概率论,康艳梅,64.0,4.0
MATH342607,概率论与数理统计课程答疑,"王峰,戴永红,吴云江,戴雪峰,赵小艳,梅占东,王宁",0.0,0.0
MATH411607,拓扑学,张强,48.0,3.0
MATH411707,微分几何,张正策,48.0,3.0
MATH413107,数值分析,马军,48.0,3.0
MATH442107,数学实验,乔琛,32.0,1.5
MATH442207,生物统计基础,李丽敏,56.0,3.0
MATH442407,偏微分方程数值解法,刘庆芳,48.0,3.0
MATH442607,矩阵分析,曾薇,48.0,3.0
MATH442707,最优化方法,李辉,48.0,3.0
MATH443407,时间序列与金融统计,惠永昌,48.0,3.0
MATH443507,多元数据分析与统计软件,"张春霞,张红英",58.0,3.0
MATH525207,机器学习,孟德宇,32.0,2.0
MATH542107,统计学习(含R软件),张讲社,32.0,2.0
MATH542207,抽象代数讨论班,邸双亮,32.0,2.0
MATH542407,近代数学选讲,"蒋耀林,徐康丽",32.0,2.0
MATH542707,动力系统初步,祖建,32.0,2.0
MATH543007,数字图像处理,孙剑,32.0,2.0
MATH543407,组合与图论,鲁红亮,32.0,2.0
MATH543607,调和分析,缑天祥,32.0,2.0
MATH544007,贝叶斯统计,赵谦,32.0,2.0
MATH544307,黎曼几何,王立周,48.0,3.0
MATH544507,数值代数,王飞,32.0,2.0
MATH544807,应用科学中的反问题,杨家青,32.0,2.0
MATH544907,地学大数据分析,"王治国,赵海霞,吴帮玉",32.0,2.0
0HYS303500,固体物理,张胜利,64.0,4.0
CORE100109,材料与人类文明,"汪飞,杨生春,杨森,周超,周桂江,杨志懋,王宇,卢学刚",32.0,2.0
CORE100309,量子科学与技术革命,"李福利,张胜利,赵永涛,高宏,高韶燕,刘博,张沛",32.0,2.0
CORE100409,走进天文学,左兆宇,32.0,2.0
GNED100609,物理建模与创新实践,"刘萍,赵述敏,蒋臣威,方爱平",32.0,2.0
JZSJ500109,综合性实践训练,高博,16.0,1.0
PHYS200128,基础物理实验（预科）,毛胜春,16.0,0.5
PHYS200228,物理学导论,"赵永涛,冯俊,夏明岗,赵铭姝",16.0,1.0
PHYS200428,大学物理II-1,"王小力,徐忠锋,刘萍,刘丹东,张二虎,喻有理,李中鹏",64.0,4.0
PHYS200528,大学物理系列课程答疑,"张二虎,田蓬勃,李中鹏,赵述敏,高博,刘丹东,赵前,陈兵,左文亮,杜广庆,蒋臣威,喻有理,张磊,刘萍,王学亮,王延申,弯峰,黄永义,陈海霞,方爱平,朱新栋,肖国宏,董化,苏亚凤,柯小琴,李广良,栗建兴,程追",0.0,0.0
PHYS215409,电磁学,"韩磊,陈晓林",64.0,4.0
PHYS215509,普通物理学原子物理学,邵国运,64.0,4.0
PHYS260309,大学物理III,任韧,64.0,4.0
PHYS260409,大学物理IV,"杨鸿辉,景泽锋",64.0,4.0
PHYS280209,大学物理实验II,苏亚凤,32.0,1.0
PHYS281009,现代物理基础导论,赵迪,48.0,3.0
PHYS281509,大学物理II-1,杜广庆,64.0,4.0
PHYS281709,大学物理I-1,赵述敏,80.0,5.0
PHYS281809,大学物理实验I-1,翟立朋,32.0,1.0
PHYS282109,基础物理-2,高韶燕,48.0,3.0
PHYS282309,自然科学发展概论,"杨森,郑元锁",48.0,3.0
PHYS282509,理论力学,李蓬勃,48.0,3.0
PHYS282609,物理（民族预科）,方爱平,64.0,4.0
PHYS283509,大学物理学（实验）Ⅰ,"翟立朋,常凯歌",32.0,1.0
PHYS283709,大学物理学（理论）1,"王小力,赵前,弯峰",64.0,4.0
PHYS283909,基础物理实验-1,"高博,张倩",32.0,1.0
PHYS300228,创新物理实验Ⅰ,"王红理,王雪冬,赵述敏,冯雪红",64.0,2.0
PHYS300328,综合物理实验Ⅰ-1,"张俊武,童童,张倩",48.0,1.5
PHYS311309,电动力学,付春娥,64.0,4.0
PHYS316209,理论力学,"李福利,冯俊,王清涤",64.0,4.0
PHYS316309,电动力学,"赵迪,田光善",80.0,5.0
PHYS316609,固体物理,王宇,48.0,3.0
PHYS317409,基础物理（热学）,高博,48.0,3.0
PHYS317609,基础物理（原子物理学）,黄永义,48.0,3.0
PHYS317809,综合物理实验Ⅱ-1,"张俊武,张倩,童童",32.0,1.0
PHYS318009,创新物理实验II,"王红理,王雪冬,赵述敏,冯雪红",32.0,1.0
PHYS404909,材料物理专门实验2,郭永利,32.0,1.0
PHYS405209,材料科学基础II,孙占波,48.0,3.0
PHYS405609,粒子物理导论,李荣,32.0,2.0
PHYS405809,核物理导论,毛施君,48.0,3.0
PHYS405909,凝聚态物理专业实验,"冯雪红,耶红刚,杨宏",32.0,1.0
PHYS406009,凝聚态物理学导论,"夏明岗,刘杰",64.0,4.0
PHYS406109,材料物理性质,"王晓莉,周超,王斌",32.0,2.0
PHYS406309,材料研究方法,"张晖,王少伟",32.0,2.0
PHYS523609,信息光学,黄丽清,48.0,3.0
PHYS523809,数字图像处理与分析,张俊武,48.0,3.0
PHYS524509,工程材料,赵铭姝,32.0,2.0
PHYS524909,材料计算与模拟,"杨涛,熊墨",32.0,2.0
PHYS541609,科研训练II,高博,32.0,1.0
PHYS546509,科研训练I,冯俊,32.0,1.0
PHYS546609,科研训练II,高博,32.0,1.0
PHYS565909,非线性光学,卫栋,32.0,2.0
PHYS566409,光纤通信原理,耶红刚,32.0,2.0
PHYS566509,纳米物理导论,夏明岗,32.0,2.0
COMP301018,大数据技术与应用,"李清宏,王洋,许永建",32.0,2.0
CORE100118,当代中国公共管理与政策分析,"杜海峰,杨雪燕,闫菊娥,姜全保,黎洁,王昕红",48.0,3.0
CORE102300,政府运作与治理,"郭雪松,胡春萍,董新宇",32.0,2.0
ECND302318,卫生经济学,"赖莎,范小静",24.0,1.5
ECND302518,宏观经济学Ⅲ,杜巍,32.0,2.0
ECND302618,计量经济学,"许永建,李清宏,王洋",32.0,2.0
ECND400118,公共经济学,雍岚,32.0,2.0
GNED105718,循环科学与生态文明,刘哲,32.0,2.0
JZSJ400418,科研训练,姚秀颖,32.0,1.0
MAGT000218,劳动与社会保障专业导论,"温海红,王立剑,封铁英,雍岚,马伟,杨潇,胡芳肖,范小静",16.0,1.0
MAGT300818,公共管理研究方法,柳江华,32.0,2.0
MAGT301518,项目管理,"杨东朗,石琛",32.0,2.0
MAGT302218,职业生涯规划,马伟,32.0,2.0
MAGT302418,政府公文写作,梅红,32.0,2.0
MAGT302618,人口分析,姜全保,32.0,2.0
MAGT400418,组织行为学Ⅱ,"周忠良,王文华,巩少青",32.0,2.0
MAGT401118,社会保险理论与实务,"温海红,胡晗",32.0,2.0
MAGT401218,劳动经济学,胡芳肖,48.0,3.0
MAGT401318,中国政府与政治制度,白萌,32.0,2.0
MAGT500218,国家公务员制度,白萌,32.0,2.0
MAGT500318,比较政治制度,姚秀颖,32.0,2.0
MAGT500618,社会保障精算,封铁英,48.0,3.0
MAGT500918,城市管理学,胡春萍,32.0,2.0
MAGT501118,电子政务,雷战波,32.0,2.0
MAGT501218,保险学,杨潇,32.0,2.0
MAGT501318,社会福利与优抚,毛瑛,32.0,2.0
MAGT501518,劳动关系学,"王立剑,张泽",32.0,2.0
MAGT501618,政府运作与管理,杨小军,32.0,2.0
MATH400218,运筹学,"郭雪松,马宁",32.0,2.0
POLI400118,中外政治思想史,吕书鹏,32.0,2.0
POLI500118,国际政治,崔瑞锋,32.0,2.0
PUBH501318,社会医学,"赖莎,范小静",32.0,2.0
STAT300518,社会统计学,"胡书孝,胡晗,许永建,杨小军",64.0,4.0
ARCH300822,计算机辅助建筑设计,虞春隆,40.0,2.0
ARCH310322,外国建筑史1,刘怡,32.0,2.0
ARCH320122,公共建筑设计原理,翟斌庆,32.0,2.0
ARCH360622,房屋建筑学,张硕英,16.0,1.0
ARCH360722,住宅建筑设计原理,张定青,16.0,1.0
ARCH360922,城市规划原理,曹象明,32.0,2.0
ARCH361022,建筑设备工程,罗昔联,24.0,1.5
ARCH361222,风景园林设计原理,杨晗孜,24.0,1.5
ARCH361322,建筑物理1,"王赞社,罗昔联",40.0,2.5
ARCH361422,建筑物理2,"甄蒙,罗昔联",24.0,1.5
ARCH362222,建筑表现技法-2,杨健雄,24.0,1.0
ARCH362422,建筑构造-2,虞志淳,24.0,1.5
ARCH362622,色彩,石峰,80.0,4.0
ARCH400322,建筑设计I,刘怡,112.0,6.0
ARCH410422,城市与公共建筑专题设计,"甄蒙,畅晗",112.0,6.0
ARCH410522,建筑设计III,贾建东,112.0,6.0
ARCH411122,智慧城市与城市计算,"金立文,崔鑫,童自翔",32.0,2.0
ARCH411222,建筑设计基础-2,"曹象明,齐应涛,杨_B",96.0,4.0
ARCH411422,城市协同规划,曹象明,16.0,1.0
ARCH411522,城市空间数据获取与分析,"姚莹莹,许威",16.0,1.0
ARCH500122,环境心理学,党纤纤,24.0,1.0
ARCH540222,建筑摄影,吴志勇,16.0,1.0
ARCH540722,场地设计概论,王非,24.0,1.5
ARCH541322,当代建筑评论,周典,24.0,1.5
ARCH541622,城乡空间规划,李志刚,16.0,1.0
ARCH541722,空间句法理论及应用,竺剡瑶,16.0,1.0
ARCH541822,建筑师职业教育,王兵,8.0,0.5
ARCH542022,世界遗产概论Introduction to World Heritage,李红艳,24.0,1.5
ARCH542122,高层建筑设计概论,王兵,16.0,1.0
ARCH542422,建筑初步设计与施工图设计,王佳,24.0,1.0
ARCH544222,传统建筑理论（英）,周晶,24.0,1.5
ARCH900222,人居环境大数据与多规合一综合设计1,"徐怡珊,程芳欣",128.0,4.0
BEEA400622,热质交换原理与设备,"徐晗,党政",32.0,2.0
BEEA400822,暖通空调,"张联英,孔琼香",56.0,3.5
BEEA401022,建筑冷热源,"王沣浩,刘艳华,孙艳军",48.0,3.0
BEEA401122,建筑设备自动控制,王军,32.0,2.0
BESE900122,建筑环境综合实验-2,"孟祥兆,马从付",16.0,0.5
BESE900222,暖通空调综合设计,"张联英,孔琼香,王志华",96.0,3.5
CIVL120122,土木工程概论,"许领,魏欣,吴冰",16.0,1.0
CIVL420922,土木工程施工,"岳焱超,王剑云,张硕英",32.0,2.0
CIVL421122,工程地质,"廖红建,穆青翼,张立",24.0,1.5
CIVL421222,测量学,"罗冬,韩波",40.0,2.0
CIVL421322,土木工程材料,"侯健,王剑云",40.0,2.0
CIVL542622,工程经济与项目管理,"张玲玲,魏欣",24.0,1.5
CIVL543922,混凝土结构设计,宋丽,40.0,2.0
CIVL544122,钢结构设计,薛晓敏,40.0,2.0
CIVL544522,工程结构抗震,马建勋,24.0,1.5
CIVL544822,城市应急管理与防灾减灾,"许领,吴冰,陆世锋,赵腾远",24.0,1.5
CIVL900122,土木工程课程设计,宋丽,64.0,2.0
CIVL900222,土木工程综合实验,韩波,48.0,2.0
EARS200122,人居环境科学概论,"张硕英,曹象明,张定青,王新轲,程燕,顾兆林,WANG YUPENG",16.0,1.0
EARS300622,环境地学,"郭伟,许威",32.0,2.0
EARS400422,生态学,"张凡,张普,赵富波",48.0,3.0
EARS400522,环境工程学,"刘宗宽,王文东,梁继东",96.0,5.0
EARS400922,城市遥感技术,"李旭祥,牛馨t,许威,李瀚瑛",16.0,1.0
EARS401122,城市环境与城市生态学,"甄蒙,王非",16.0,1.0
EARS401322,环境系统监测,陈美娟,32.0,2.0
EARS501422,环境模型与数值模拟,苏军伟,32.0,2.0
EARS502222,普通地质学,"蔡演军,张海伟,赵景耀,沙丽娟",32.0,2.0
EARS502922,环境修复原理与技术II,"邱临静,唐龙,吴一平,覃蔡清",32.0,2.0
GNED100522,中国历史建筑与传统文化,"周晶,王佳,YEO SOK YEE",32.0,2.0
GNED100622,乡村振兴与新农村建设实践,张硕英,56.0,2.0
JZSJ200222,城市与人居环境实践Ⅱ,张硕英,24.0,1.0
JZSJ300122,建筑模型制作6,吴志勇,16.0,0.5
JZSJ300322,建筑模型制作2,吴志勇,16.0,0.5
JZSJ300522,建筑模型制作4,吴志勇,16.0,0.5
JZSJ301022,设计实践2,"曹象明,齐应涛",16.0,0.5
JZSJ301222,设计实践4,刘怡,16.0,0.5
JZSJ301422,设计实践6,贾建东,16.0,0.5
CENG220316,工程算法设计与模型求解,张永海,46.0,2.0
CENG320516,化工安全,"蔡昀廷,张海滨",32.0,1.5
CENG321416,化学反应工程,"伊春海,谢涛",48.0,2.5
CENG321716,化工原理实验-1,"郝妙莉,张瑜",16.0,0.5
CENG321816,工程力学基础,"段权,张海滨",32.0,2.0
CENG322016,化工原理-1,"奚西峰,魏进家,谢涛",56.0,3.0
CENG421916,过程装备智能制造基础,邓建强,32.0,2.0
CENG422016,过程设备设计,"魏进家,齐宝金,侯雄坡",48.0,2.5
CENG422116,过程装备控制技术,"张早校,吴震,侯雄坡",56.0,2.5
CENG422316,能源化工过程安全,"段权,宋岩,侯雄坡",36.0,2.0
CENG422416,过程流体机械,"李云,高秀峰,侯雄坡",50.0,2.5
CENG422516,化工分离过程,"李娜,黄哲庆",48.0,2.5
CENG422616,化工传递过程,刘永忠,52.0,2.5
CENG520116,化工仪表及自动化,闫孝红,32.0,1.5
CENG520516,化学工程与工艺实验,"郝妙莉,张瑜",32.0,1.0
CENG521916,过程装备与控制工程前沿技术讲座,"张早校,李云,魏进家,邓建强,孙杰,程光旭",16.0,1.0
CENG523016,化工工艺学Ⅱ,邓建强,24.0,1.5
CENG523416,反应器设计,王斯民,24.0,1.5
CORE100116,环境治理与可持续发展,"陈鑫,费强,姜召,周强,马英群,方涛",32.0,2.0
CORE102900,资源、能源、环境和社会,"魏进家,杨庆远,刘桂莲,费强",32.0,2.0
GNED100116,工程思维与创新,高秀峰,32.0,2.0
GNED100216,身边的化工,"吴志强,段培高",32.0,2.0
GNED100316,《薛定谔生命物理学讲义》导读,黄博,16.0,1.0
GNED100416,易经的智慧,"张华承,黄博",32.0,2.0
GNED100516,无所不在的高分子-从单细胞到航天飞机,"马和平,金尚彬",32.0,2.0
ITDE420116,创新项目设计,刘永忠,32.0,1.0
SCTR420116,化工设计,黄哲庆,80.0,3.0
0RAC501500,妇产科生产实习B,"周戬平,马肖容,薛翔",0.0,6.0
0RAC501700,口腔外科生产实习,高歌,0.0,16.0
0RAC502200,外科生产实习B,"周戬平,马肖容,种铁",0.0,18.0
BASM000148,医学导论,"颜虹,程彦斌,孟列素,柏宏亮,韩菊,张月浪,陈策,刘新社,王渊,葛冠群,刘进军,石兴民",44.0,2.0
BASM300248,病理生理学,"刘瑞,邓秀玲,孙宏志,刘进军,王燕,冯洁,王新凤,张伊",90.0,5.0
BASM300348,局部解剖学,"冯改丰,董炜疆,许杰华,杨蓬勃,靳辉,肖新莉,李月英,杨维娜,贾宁,张建水",108.0,4.0
BASM300548,病理学,"王一理,赵长安,崔刚,孙颖,雷霆,莫立平,任淑婷,周党侠,张海峰",153.0,7.5
BASM300848,病理生理学,"刘瑞,邓秀玲,王燕,刘进军,王新凤,冯洁",60.0,3.0
BASM301048,人体寄生虫学,"司开卫,张旭",36.0,2.0
BASM301248,组织学与胚胎学,"吴晓林,田宏,武捷,张晓田,周劲松",96.0,5.0
BASM301348,宿主防御系统,"徐纪茹,季延红,周晓勃,陈艳炯,王军阳,寻萌,刘如意,吕海侠,杨娥,史霖,韩蕾,张旭,孙强,程彦斌,司开卫,孙颖,田宏",168.0,8.5
BASM302248,心血管系统,"许杰华,路明,周筠,张莉,崔刚,刘进军",83.0,4.0
BASM302648,血液系统与肿瘤,"武捷,姚璐,雷霆,崔刚,陈莉娜,冯洁",94.0,4.5
BASM302748,病理解剖学,"王一理,赵长安,崔刚,孙颖",68.0,3.5
BASM302848,药理学Ⅰ,"李冬玲,陈莉娜",24.0,1.5
BASM303148,口腔局部解剖学,杨杰,72.0,4.0
BASM304348,医学微生物学,"徐纪茹,刘成程,寻萌,王洪亮",56.0,3.0
BASM304748,医学微生物学,"陈艳炯,韩蕾,杨娥,王洪亮",48.0,2.5
BASM304948,机能实验学,"胡浩,朱延河",48.0,1.5
BASM311140,医学实验动物学,"刘恩岐,王维蓉,白亮,王蓉,赵四海",32.0,1.5
BASM311540,生理学,"王涛,郭媛,陈坷",56.0,3.5
BASM311640,免疫学,"王军阳,周晓勃,史霖",40.0,2.0
BASM311840,病理生理学,"王新凤,冯洁,张伊,庞正达,王燕",32.0,2.0
BASM311940,病理学,"任淑婷,莫立平,赵长安",40.0,2.0
BASM312040,机能实验学Ⅰ,"胡浩,史小莲,王涛",32.0,1.0
BASM312240,人体解剖学,"钱亦华,董炜疆,雷天福,冯改丰,肖新莉,杨蓬勃,贾宁,许杰华,杨维娜,张建水,胡明,靳辉",40.0,2.0
BASM312540,生理学,"康玉明,陈坷,王涛,孙波",64.0,4.0
BASM312640,免疫学,"刘如意,季延红,马运峰,张保军",50.0,2.5
BASM312840,病理学,"徐长福,周党侠,任淑婷,莫立平,孙颖",96.0,4.5
BASM312940,生物信息学,"徐纪茹,韩蕾,陈艳炯,寻萌,杨娥,刘成程",32.0,1.5
BASM313040,机能实验学Ⅰ,"胡浩,张莉,王涛,陈丽,冯洁,史小莲,朱延河,孙强",32.0,1.0
BASM313240,医用电子显微技术,"马捷,陈明霞",24.0,1.0
BASM313340,全科医学教育,"宋彬,王明旭",32.0,2.0
BASM313440,药理学,"赵铭,王胜鹏,周筠,赵正杭,李西宽,胡浩",48.0,3.0
BASM313540,组织学与胚胎学,"田宏,路明,张晓田",40.0,2.0
BASM313740,生理学,"孟凯,孙波,梁玲利,王玉英",40.0,2.0
BASM314240,药理学,"曹永孝,林蓉,史小莲,周筠,陈莉娜,贺建宇",64.0,4.0
BASM400140,药理学,"赵铭,林蓉,史小莲,孙强,李冬玲,刘书勤,贺熙",88.0,4.0
BASM400348,病理学,"雷霆,张海峰,王一理,崔刚,赵长安",104.0,5.0
BASM400448,免疫学与分子免疫学,"刘如意,季延红,马运峰,张保军,史霖,周晓勃,王军阳",68.0,3.5
BASM400648,神经生物学,"吕海侠,陈新林,安晶,张智超",32.0,2.0
BASM400848,生理学,"陈丽,姚璐,王勇",72.0,4.5
BASM401148,分子生物学实验方法与技术,杨旭东,32.0,1.0
BASM401348,机能学实验方法与技术Ⅰ,"胡浩,史小莲",32.0,1.0
BASM401448,机能学实验方法与技术Ⅲ,胡浩,24.0,0.5
BASM401548,学科交叉专题,"张德文,吴春生,王健,魏琳,张月浪,方宇,阎春霞,吕海侠,马乐,张丰,黄辰,张保军,孟列素,陈艳炯,杨娟",32.0,2.0
BASM401648,综合实验设计,吕海侠,32.0,1.0
BASM401848,医学微生物学基础与进展,"徐纪茹,刘成程,寻萌,王洪亮",60.0,3.0
BASM500140,断面解剖学,"董炜疆,许杰华,梁影村,贾宁,杨杰,靳辉,肖新莉",32.0,2.0
BICH300940,生物化学,"蒋晓刚,王慧莲",32.0,2.0
BIOL300148,生物化学,"张林,郑芳,朱文华,徐晶,孙莎,李冬民,俞小瑞,杨旭东,王慧莲,蒋晓刚,马捷,蓝茜",128.0,7.0
BIOL300548,分子生物学,蒋小英,44.0,2.0
BIOL320340,分子生物学,"吕社民,张林,李海韵,蒋晓刚",42.0,1.5
CENG400148,化工原理,"张杰,解笑瑜,卢闻,贺怀贞,侯晓芳,潘晓艳",72.0,4.5
CLIM300148,医学心理学,"高成阁,陈云春,李强,杨小波,陈策",32.0,2.0
CLIM301248,放射诊断学,"杨健,王蓉,王斐,李晨霞,徐贵平,丁宁宁,孙亲利,牛晨",48.0,2.0
CLIM301348,耳鼻咽喉科学,"张晓彤,祝康,罗花南,成颖,闫静,张滟",24.0,1.5
CLIM301448,医患沟通与技巧,杨才君,16.0,1.0
CLIM400348,中医学,"吴喜利,狄灵,王竹,杨成志,刘艳巧,王志勇,党慧敏,李睿萍",56.0,2.5
CLIM400448,精神病学,"王亚萍,马新欣",32.0,1.5
CLIM400548,内科学,"王洪涛,苏丹,张岩,史红阳,和平,马师洋,赵菊辉,万晓龙,韩锦,古流芳,雷博,张静,董鹏",48.0,2.5
CLIM400748,神经病学,"罗国刚,邓美英,俱西驰,党静霞,王瑾,杨剑波,王崴",54.0,2.5
CLIM400948,皮肤性病学,"郑焱,牛新武,李政霄,王琼,李晓莉,刘艳,夏育民,安金刚",32.0,1.5
CLIM401048,急诊医学,"石秦东,郭利涛,苗常青,李昊,刘昱,杜俊凯,王军",32.0,1.5
CLIM401348,外科学Ⅰ,"涂康生,廖新华,马吉光,姬文晨,聂会勇,汤瑞祥,白转丽,郑瑾,李翔,王海晨",126.0,6.5
CLIM401548,眼科学,"郑玉萍,刘子瑶,赵琳,柏凌,王建明,周爱意,权彦龙,姚亮,张晓辉",32.0,1.5
CLIM401648,儿科学,"史瑞明,周熙惠,张葳,帖利军,杨永华,廉国利,肖谧",108.0,5.5
CLIM401748,急诊医学,"李昊,石秦东,杜俊凯",30.0,1.5
CLIM401848,医学影像学,"孙泓泓,杨全新,张秋娟,陈欣,刘强,晋瑞,师莉芳",72.0,3.0
CLIM401948,皮肤性病学,"韩丹,周艳,刘文丽,穆欣",27.0,1.5
CLIM402048,口腔科学,"陶洪,李大旭,赵亮,陈曦",32.0,1.5
CLIM402448,诊断学,"郭晓燕,邹百仓,王莉,王玉环,何爱丽,孙宏,张德信,吴媛媛,高登峰,程妍,和平,薛嘉虹,王芳侠,张鹏宇,马肖容,赵万红,高洁,姜珏,余珊珊,刘娜,张洁",120.0,5.5
CLIM402548,耳鼻咽喉科学,"任晓勇,祝康,王正辉,罗花南,张晓彤,李阳,马伟军",32.0,1.5
CLIM402848,老年病学,"苏显明,任延平,王瑾,陈利红,崔巍,姚德茂,陈策,冀静",32.0,2.0
CLIM402948,内科学Ⅰ,"郭辉,贺雅毅,浮姣,刘淑,兰平,申燕,王志刚,冯婕",56.0,3.0
CLIM403048,耳鼻咽喉科学,"邵渊,刘俊松,张婷",27.0,1.5
CLIM403148,眼科学,"黎黎,高宁,李晶明",27.0,1.5
CLIM403248,急诊医学,"裴红红,彭卓,李萍,程三放,孙师元,潘龙飞,张正良,党晓燕,古长维",28.0,1.0
CLIM403448,外科学,"曹罡,吴刚,雷晓鸣,刘阳,李宗芳,李华,马建仓,王春生,陆宏伟,刘棣,巩守平,裴斐,管海涛,马跃峰,吴涛,徐金锴,单涛,李鹏,陈海文",84.0,3.5
CLIM403648,医学影像学,"杨健,范妤欣,王蓉,王斐,张毅力,牛晨,丁宁宁,李晨霞,徐贵平,孙亲利",90.0,4.0
CLIM403748,内科学Ⅰ,"杨拴盈,刘昀,和平,史红阳,杨侠,方萍,董西林,张洁,李维,付荣国,高洁,徐静,王莉,张春虹,丁石梅,焦杨,李学义",72.0,3.5
CLIM403848,口腔科学,"赵亮,陶洪,李大旭,刘治,陈江浩,陈曦",27.0,1.5
CLIM403948,诊断学,"强薇,卢桂芳,卢新兰,米琛,李满祥,李丹,李静,任徽,周博,方媛,杨延洁,黄欣,殷燕,乔文,杜媛,陈涛,王怀宇,路万虹,王志刚,王顺,王斐倩,刘海波",148.0,7.0
CLIM404048,精神病学,"陈云春,陈策,马现仓,王崴",27.0,1.5
CLIM404248,外科学Ⅰ,"陈熹,陈海文,陈琦,李宗芳,李和程,李钊伦,李洪亮,曹罡,刘阳,马建仓,吕建瑞,蔡英敏,张蓬勃,张淑群,张鹏,张潍,丁晓英,李伟,种铁,陆宏伟,高亚,杨平林,刘士源,姜建涛 ,屈建强,巩守平,黄省利,裴斐,王振龙",120.0,6.0
CLIM404348,传染病学,"何英利,石磊,张曦,杨瑗,刘锦锋,刘小静,牛迎花,陈云茹,陈红梅",72.0,3.0
CLIM404548,心血管系统疾病,"张明娟,宁宁,刘强,魏瑾,王聪霞,朱参战,裴斐,李永勤,万俊哲,韩振华,高登峰,郝广华,余珊珊",59.0,3.0
CLIM404648,女性生殖系统疾病,"杨筱凤,吕淑兰,韩蓁,李春芳,宋青,李雪兰,安瑞芳,杨新园,李奇灵,宗璐,邹余粮",94.0,4.5
CLIM404848,皮肤性病学,"牟宽厚,赵恩兵,张志灵,穆欣,武萌,周艳,张键",44.0,2.5
CLIM405048,眼科学,"谢安明,高宁,陈丽,刘钊,吴昌睿,黎黎,裴澄,雷剑琴",44.0,2.5
CLIM405148,血液与肿瘤疾病,"张梅,王怀宇,贺鹏程,习杰英,刘心,刘华胜,王孟昌,张海涛,李静,吴迪",59.0,3.0
CLIM405248,呼吸系统疾病,"董西林,杨拴盈,方萍,陈欣,刘昀,和平,张抗怀,史红阳,张洁,杨侠,李维,张潍,李少民",80.0,4.0
CLIM405348,耳鼻咽喉科学,"权芳,白艳霞,陈阳静,张少强",44.0,2.5
CLIM405448,儿童生长发育疾病,"帖利军,史晓薇,邢军卫,徐曼,黄燕萍,李小权,吴红艳",60.0,3.0
CLIM405548,消化系统疾病,"李小鹏,杨全新,戴菲,陈熹,赵平,陆宏伟,郭晓燕,李路,徐心,李少民,吉鸿,吴涛,杨文彬,王进海,董蕾,李宗芳,李军辉",116.0,5.5
CLIM405648,内分泌与代谢系统疾病,"张秋娟,屈伟,王玉环,徐静,张春虹,董鹏,吴娟娟,丁石梅,徐金锴",52.0,2.5
CLIM405948,临床医学导论Ⅰ,"李小鹏,郭晓燕,王玉环,王进海,李路,李宗芳,何爱丽,王聪霞,吴海琴,马肖容,吕建瑞,张蓬勃,王小闯,孙泓泓,马建仓,陈熹,徐思越,曹罡,方萍,程妍,薛嘉虹,郑向红,郑强荪,杨侠,和平,余珊珊",118.0,6.0
CLIM406348,毕业考试,张银萍,0.0,0.0
CLIM500144,核医学,"郑向红,封娟毅,屈伟,王社教,宁宁",32.0,1.5
CLIM500148,临床病理学,"杨军,陈晓黎,郭睿,马莉",24.0,1.5
CORE100148,健康与疾病,"田刚,乔文,周灿,黄省利,宋土生,郝亚宁,邓景元,施秉银",32.0,2.0
EELC322440,医用电子学,张方,32.0,2.0
ENGL300447,护理专业英语,"张银萍,王婧,周凯娜",24.0,1.5
FORM300143,法医学导论,"王振原,刘新社,阎春霞,顾姗智,韩卫,马丽霞,张洪波,樊栓良",16.0,1.0
FORM400143,法医法学,"魏曙光,朱永生,朱杰,张洪波",48.0,2.5
FORM400343,司法精神病学与精神病学,"韩卫,党永辉,高雅",64.0,3.5
FORM400443,法医病理学,"王振原,刘新社,李涛,阎春霞,樊栓良,张玉向",160.0,7.5
FORM400543,法医物证学,"赖江华,孙钦儒,张宝,朱永生,张洪波,官方霖",120.0,5.5
FORM400643,法医毒理学,"马丽霞,井航,党永辉",54.0,3.0
FORM400743,法医毒物分析,"马丽霞,井航",65.0,2.5
FORM400843,法医临床学与人类学,"顾姗智,朱杰,陈腾,贾晓d,高雅,官方霖",80.0,4.0
GNED100348,微生物感染与健康,"徐纪茹,陈艳炯,杨娥",32.0,2.0
GNED100648,环境与疾病,"艾婷,王瑾,范博渊,马肖容",32.0,2.0
GNED100748,基因的奥秘,王福,32.0,2.0
GNED100948,健康素养导论,"张岩,高滢,张寅斌,赵永林,刘棣",32.0,2.0
HIST300140,医学史,"宋彬,王明旭",24.0,1.5
INFT320340,医学信息检索与利用,翟中会,16.0,1.0
JZSJ400142,毕业设计（论文）,黄燕萍,0.0,10.0
JZSJ400248,临床通科实习,高歌,0.0,48.0
JZSJ400348,口腔临床实习,朱杰,0.0,48.0
JZSJ400448,临床技能训练,张澍,0.0,1.0
JZSJ400548,临床内外科实习,"周戬平,马肖容",0.0,9.0
JZSJ400748,临床教学实习,"周戬平,马肖容",0.0,16.0
JZSJ400848,专业实习,吕海侠,0.0,6.0
JZSJ400948,基础科研训练,吕海侠,0.0,2.0
JZSJ901048,口腔基础技能训练,高歌,80.0,2.0
JZSJ901448,医院药房实习,计文婧,480.0,12.0
JZSJ901548,社区药房实习,赵明月,80.0,2.0
JZSJ902548,内科生产实习Ⅲ,"赵永涛,张明,初大可,杨健,孔春才,张磊,栗建兴,杨爱民,麻少辉,雷铭,穆廷魁,王兴",560.0,14.0
JZSJ902948,儿科生产实习,"方宇,冯变玲,常捷,姜明欢,杨才君",120.0,3.0
JZSJ903248,基础项目-2,"蒋文慧,方华,王小琴",64.0,2.0
MAGT400142,药事管理学,"王娣妙,高睿",48.0,3.0
NURS300248,护理人文素养,"施齐芳,吕爱莉,李宁",48.0,2.5
NURS300348,基础护理学 Ⅱ,"李津,高睿",80.0,3.5
NURS300448,健康评估,"蒋文慧,方华,杨磊,王小琴",64.0,3.0
NURS300548,护理教育学,顾炜,30.0,1.5
NURS400448,护理管理学,"顾炜,张银萍",28.0,1.5
NURS400548,急危重症护理学,张银萍,32.0,1.5
NURS400648,外科护理学 Ⅱ,"高睿,李津",72.0,3.5
NURS401048,内科护理学 Ⅱ,"李宁,吕爱莉,施齐芳",72.0,3.5
NURS401248,精神健康与心理护理,"马明芳,伏炜,郭丽阳,李雅妹,王崴,王婧",48.0,2.5
PHMA300348,生药学,"牛晓峰,王戌梅,刘霞,高昕",64.0,3.0
PHMA300448,药物分析,"王嗣岑,侯晓芳,解笑瑜,包涛",64.0,3.0
PHMA300548,药物流行病学,"吴谦,王丽荣,齐欣,沈明望,张天啸",24.0,1.5
PHMA300648,生物药剂学,"李维凤,张彦民,韩省力",40.0,2.0
PHMA303842,波谱解析,"朱宇红,张海龙,詹冠群",40.0,2.5
PHMA303942,药用植物学,"牛晓峰,高昕,刘霞,王戌梅",56.0,2.5
PHMA304042,有机化合物波谱解析,"张卉,郭增军,张新新",40.0,2.5
PHMA400542,药物分析学,"曾爱国,杨广德,罗智敏,景王慧",80.0,4.0
PHMA400548,临床药物治疗学Ⅱ,"谢姣,杨乾婷,王岩,方宇",16.0,1.0
PHMA401042,工业药剂学,"李维凤,高阳,王珂",84.0,4.0
PHMA401142,化学制药工艺学,"张三奇,毛帅",64.0,3.0
PHMA401348,药物合成反应,"黄渊,朱云博,张杰,毛帅",110.0,5.0
PHMA401948,天然药物化学,"郭增军,张卉,朱宇红,张海龙,张新新",48.0,3.0
PHMA402048,药剂学,"邢建峰,李维凤,王珂",100.0,4.5
PHMA402148,临床药物治疗学各论 Ⅱ,"杨乾婷,余静洁,赵文娜,鲍和,方宇",80.0,4.0
PHMA402248,临床药物治疗学各论 Ⅰ,"鲍和,蔡艳,王岩,王娜,李友佳,方宇",80.0,4.0
PHMA402348,工业药物分析,"贺浪冲,曾爱国,韩省力,张东东,罗智敏,刘瑞,张彦民,张涛",64.0,3.0
PHMA402448,医院药学,"方宇,杨才君",16.0,1.0
PHMA402548,临床药理学,张涛,48.0,3.0
PHMA402648,临床药代动力学,张继业,16.0,1.0
PHMA500348,临床药学研究进展,"王娜,蔡艳,杨乾婷,王岩,张抗怀,方宇",32.0,2.0
PHMA500448,药物设计学,"边晓丽,李义平",24.0,1.5
PHMA500542,药学研究进展,"贺浪冲,曾爱国,方宇,李义平,张海龙,张继业,罗文娟",32.0,2.0
PHMA500642,分子生药学,"王戌梅,周涛,张涛,冯力",36.0,1.5
PHMA500648,药物分离与检测科学,"王嗣岑,侯晓芳,解笑瑜",24.0,1.5
PHMA500742,药事法规,"方宇,常捷,姜明欢",24.0,1.5
PHYS200148,生物物理学,"吴春生,陈炜,蔡文,安菲菲,张明真,张德文,王健,杜立萍,孔澍",32.0,2.0
PSYL400143,法医心理学,"党永辉,韩卫,贾晓d,官方霖",20.0,1.0
PUBH300348,临床营养学,"程悦,于燕",24.0,1.5
PUBH300648,生物统计学,"党少农,申远",48.0,2.0
PUBH300848,流行病学,"李燕琴,齐欣,吴谦,刘鑫,张天啸,王丽荣",64.0,3.0
PUBH301341,生物统计学,"肖生彬,李强",32.0,1.5
PUBH400241,卫生化学,"程悦,韩蓓,祁菲菲",56.0,2.5
PUBH400341,卫生毒理学,"石兴民,雷荣辉",64.0,3.0
PUBH400441,卫生微生物学,"薛晚利,孔利云,石兴民",40.0,2.0
PUBH400541,数据管理与分析,"吴谦,张天啸,肖生彬",32.0,1.5
STAT400141,生物统计学,"曾令霞,赵亚玲,毕育学,陈方尧,李超",96.0,4.5
STOM060146,口腔医学导论,"文艺峰,董炜疆,董茜茜,虎小毅,牛林,侯玉霞,阮建平,刘中博,陈悦",16.0,1.0
STOM400448,黏膜病学,"苗群爱,董凯,齐红",16.0,1.0
STOM400948,口腔生物学,"李昂,高江红,孟昊天,刘瑾,裴丹丹,刘中博",40.0,2.0
STOM401148,口腔正畸学,"周洪,王丽颖,邹蕊,王菲,管丽敏,司新芹",60.0,2.5
STOM401348,牙周病学,"王宝彦,孙俊毅,刘瑾,王敏,田剑刚",60.0,2.5
STOM401548,牙合学,"亓坤,王爽,刘瑞瑞",20.0,1.0
STOM401748,口腔组织病理学,"齐红,李淑薇",36.0,1.5
STOM401848,口腔医学教育创新及PBL,高歌,24.0,1.5
STOM401948,口腔解剖生理学Ⅱ,亓坤,20.0,1.0
STOM402048,牙周病学Ⅰ,"苗棣,刘瑾",24.0,1.5
STOM402148,全口义齿修复学,"刘瑞瑞,李蕴聪",80.0,3.0
STOM402248,牙体手术学,"邓晓红,刘青,王霞霞,文艺峰",48.0,2.0
STOM402348,牙合学,"亓坤,王爽,刘瑞瑞",24.0,1.0
STOM402448,口腔放射诊断学,"王涛,文艺峰,苗棣,贺龙龙,廖立凡,虎小毅,李经纬",40.0,2.0
STOM402548,社区牙科学,"阮建平,田剑刚,高江红,张斌",48.0,2.0
STOM402648,牙髓病学Ⅱ,"董茜茜,文艺峰,王霞霞,薛云鹏,强乐",80.0,3.5
STOM402948,口腔颌面外科学Ⅲ,"刘劲洋,文抑西",60.0,2.5
STOM403148,口腔病理学,"张佳,辛颖,高歌",56.0,2.5
STOM403348,口腔正畸学,"侯玉霞,王爽,邹蕊,郭昱成,王菲,吉玲玲,司新芹",104.0,4.5
STOM403448,口腔种植学,"周秦,贺龙龙",20.0,1.0
STOM403648,牙体形态学,孙慧玲,78.0,3.0
STOM403848,儿童牙病学Ⅱ,"肖刚,董宁,刘飞",44.0,2.0
STOM404048,口腔颌面外科学Ⅰ,"文抑西,李旭奎,李经纬",90.0,4.5
STOM404248,固定义齿修复学Ⅰ,"裴丹丹,甘婧,韩影",80.0,3.0
STOM404948,口腔修复学,"牛林,韩影,裴丹丹,贾如,汪鹏,赵巍",148.0,6.0
STOM405048,口腔解剖生理学,"孙慧玲,董炜疆",40.0,1.5
STOM405548,口腔医学教育创新,高歌,16.0,1.0
STOM405948,口腔组织病理学I,"齐红,李淑薇",40.0,1.5
CHEM200229,储能化学基础-2,"周桂江,丁书江,肖春辉",48.0,3.0
CHEM200429,化学专业导论课,"唐玉海,王海霞,魏巍,张彦峰,吴宥伸,丁书江,孙源慧,杨鸿辉",16.0,1.0
CHEM200529,物理及化学基础实验,"白艳红,张沛",64.0,2.0
CHEM200629,基础化学Ⅰ,李健军,32.0,2.0
CHEM200829,大学化学课程答疑,"李银环,郭秀生,张祯,张雯,张志成,解云川,丁大伟,胡敏,王婉秦,关放",0.0,0.0
CHEM246009,医用近代仪器分析,贾钦相,32.0,2.0
CHEM249009,物理化学,李骁勇,112.0,5.5
CHEM249609,物质结构与性质-有机篇,王婉秦,88.0,4.0
CHEM249809,大学化学,关放,48.0,3.0
CHEM249909,大学化学实验,高国新,32.0,1.0
CHEM250109,医用有机化学,唐玉海,64.0,4.0
CHEM250309,医用有机化学实验,张向荣,48.0,1.5
CHEM250509,普通化学原理-2,胡敏,64.0,3.0
CHEM250909,物理化学Ⅱ,卜腊菊,64.0,4.0
CHEM251009,有机化学Ⅱ,王向东,64.0,4.0
CHEM251109,有机化学Ⅲ,郭丽娜,48.0,3.0
CHEM251809,化学原理,"张志成,王婉秦",96.0,5.0
CHEM252309,储能化学基础实验-2,白艳红,16.0,0.5
CHEM252409,储能化学基础-2,"周桂江,高国新",48.0,3.0
CHEM300129,储能原理-1,"丁书江,高国新,肖春辉",48.0,3.0
CHEM320309,现代仪器分析,胡敏,40.0,2.5
CHEM320409,现代仪器分析实验,张军杰,32.0,1.0
CHEM330109,有机化学I,周桂江,48.0,3.0
CHEM340709,Organic Chemistry,"王丽娟,许昭",64.0,4.0
CHEM341909,物理化学实验-1,岳岭,32.0,1.0
CHEM342009,有机化学实验-1,朱敏,32.0,1.0
CHEM342209,物理化学Ⅰ-1,魏巍,64.0,4.0
CHEM342309,有机化学Ⅰ-2,唐玉海,48.0,3.0
CHEM342409,有机化学实验-2,王向东,80.0,2.5
CHEM343409,储能原理-1,"丁书江,高国新",48.0,3.0
CHEM450709,配位化学,卜腊菊,32.0,2.0
CHEM450909,有机合成化学,郭丽娜,48.0,3.0
CHEM451109,材料化学基础,于德梅,32.0,2.0
CHEM451209,化学生物学基础,孙杨,32.0,2.0
CHEM451609,结构化学,吴勇,48.0,3.0
CHEM451709,高分子化学,成一龙,32.0,2.0
CHEM451809,无机制备化学,"梁军艳,熊礼龙",32.0,2.0
CHEM451909,电化学基础,肖春辉,48.0,3.0
CHEM452009,高分子物理实验,井新利,48.0,1.5
CHEM452109,高分子物理,井新利,32.0,2.0
CHEM452209,高分子化学实验,杨帆,48.0,1.5
CHEM500109,胶体与界面化学,孟令杰,32.0,2.0
CHEM501209,高分子物理,井新利,32.0,2.0
CHEM501309,先进功能材料,"张彦峰,成一龙",32.0,2.0
CORE100209,化学与人类文明,许昭,32.0,2.0
GNED100209,分析化学与社会发展,"许昭,王海霞",32.0,2.0
GNED100509,现代化学电源探秘,"熊礼龙,杜显锋",40.0,2.0
JZSJ300109,毕业设计,解云川,320.0,10.0
JZSJ900109,科研训练-3,肖春辉,32.0,1.0
CODE400151,毕业设计（论文）,郭誉森,0.0,10.0
CORE100151,经济学导论,俞炜华,32.0,2.0
CORE100251,经济学的思维方式,"李晶,张国平",32.0,2.0
CORE100351,华尔街如何管理金融风险：交大财富课,"李迎雪,WOO HEE YEUL",32.0,2.0
ECND300351,中级微观经济学Intermediate Microeconomics,张一,64.0,4.0
ECND400651,产业经济学Industrial Economics,郭誉森,48.0,3.0
ECND400951,时间序列分析Time Series Analysis,Jae-Yoon Kim,48.0,3.0
FINA300851,金融学原理,赵媛,48.0,3.0
FINA400251,货币银行学Money and Banking,侯晓辉,32.0,2.0
FINA400351,金融市场学,周翔翼,32.0,2.0
FINA500251,金融风险管理Financial Risk Management,李晶,32.0,2.0
GNED100151,经济学与社会,俞炜华,16.0,1.0
AUTO040105,自动化专业概论,蔡远利,16.0,1.0
AUTO200127,计算机科学与人工智能的数学基础I,汪建基,64.0,4.0
AUTO200327,信息论,"陈霸东,杨勐",32.0,2.0
AUTO200527,储能系统检测与估计,张乐,32.0,2.0
AUTO400305,运筹学I,翟桥柱,48.0,3.0
AUTO400427,机器人导航技术实验,袁泽剑,32.0,1.0
AUTO400505,自动控制原理 I 下,杨清宇,32.0,2.0
AUTO400627,脑信号处理实验,陈霸东,32.0,1.0
AUTO400727,强化学习与自然计算,"薛建儒,张元林",64.0,4.0
AUTO400927,机器人学基础,徐林海,56.0,3.0
AUTO401027,多智能体与人机混合智能,"郑南宁,张雪涛",40.0,2.0
AUTO401327,人工智能的现代方法I-问题表达与求解,辛景民,40.0,2.5
AUTO402127,人工智能工具、平台与系统,刘剑毅,40.0,2.0
AUTO440805,计算机网络原理与应用,杨静,48.0,2.5
AUTO441105,运动控制系统,"杨D,刘小勇",40.0,2.5
AUTO441905,现代数字信号处理2,刘剑毅,48.0,3.0
AUTO500427,游戏AI设计与开发,刘龙军,22.0,1.0
AUTO501027,信息物理融合能源系统,"管晓宏,徐占伯,吴江,刘烃,刘坤",32.0,2.0
AUTO501127,智能感知与移动计算,惠维,38.0,2.0
AUTO501227,智能信息融合,韩德强,32.0,2.0
AUTO540105,过程控制与系统,郑辑光,32.0,2.0
AUTO540205,计算机控制技术,葛思擘,32.0,2.0
AUTO540605,工业系统综合自动化基础,高峰,32.0,2.0
AUTO542705,自动控制原理专题实验2,景洲,16.0,0.5
AUTO543005,“运动控制系统”专题实验,刘源,32.0,1.0
AUTO543105,“现代检测技术”专题实验,刘瑞玲,32.0,1.0
AUTO543205,“计算机控制技术”专题实验,景洲,32.0,1.0
AUTO543305,电子线路设计设计训练专题实验2,刘美兰,24.0,0.75
AUTO543605,过程控制与系统专题实验,"刘瑞玲,王莹",32.0,1.0
AUTO543805,系统建模与仿真,卫军胡,32.0,2.0
AUTO545005,智能控制,胡怀中,32.0,2.0
AUTO545405,移动机器人,吕娜,32.0,2.0
AUTO545505,数字图像与视频处理,"兰旭光,张雪涛",40.0,2.5
AUTO545605,无线传感器网络,"姚向华,刘静",32.0,2.0
AUTO545705,网络与信息安全,刘烃,40.0,2.0
AUTO545805,计算智能,柯良军,32.0,2.0
AUTO545905,导航与制导原理,兰剑,32.0,2.0
AUTO546205,智能机器人基础,曹建福,32.0,2.0
CODE520011,数字逻辑设计专题实验,张斌,32.0,1.0
COMP000105,计算机科学技术导论,"郑庆华,师斌",16.0,1.0
COMP200327,计算机体系结构,任鹏举,48.0,3.0
COMP200853,微机原理与接口技术,吴宁,56.0,3.0
COMP201553,数据库基础及应用,赵英良,32.0,2.0
COMP201853,计算机程序设计,顾刚,64.0,3.0
COMP250105,离散数学A,钱屹,64.0,4.0
COMP250405,大学计算机基础（民族预科）,张伟,56.0,3.0
COMP250505,算法设计与问题求解,乔亚男,48.0,2.0
COMP250605,大学计算机I,崔舒宁,56.0,3.0
COMP250905,面向对象与数据分析（C#）,房琛琛,40.0,2.0
COMP251005,大学计算机IV,谢涛,56.0,3.0
COMP251105,数据库基础及应用,贾应智,36.0,2.0
COMP251205,Python数据处理,贾应智,48.0,2.5
COMP252005,数字逻辑电路,王萍,48.0,3.0
COMP300205,程序设计基础,夏秦,56.0,3.0
COMP300627,计算机科学基础和高级程序设计-1,钱屹,32.0,2.0
COMP300727,嵌入式智能系统,李保红,40.0,2.0
COMP300927,数据结构与算法 V,郑卫斌,48.0,3.0
COMP350405,数据结构与算法A（拔尖班）,"乔亚男,薄钧戈",80.0,4.0
COMP400127,无线传感器网络,范建存,32.0,2.0
COMP400327,程序设计思想方法与实践,杨义军,64.0,3.0
COMP400527,人工智能导论,罗敏楠,32.0,2.0
COMP450305,形式语言与编译,赵银亮,56.0,3.5
COMP451105,编译器设计专题实验,戴慧B,32.0,1.0
COMP460605,计算机网络专题实验,张利平,32.0,1.0
COMP460705,计算机系统综合设计实验,王龙翔,32.0,1.0
COMP460805,传感与检测专题实验,张利平,32.0,1.0
COMP460905,认知计算与机器学习,鲍军鹏,40.0,2.0
COMP461405,数据库系统,任雪斌,64.0,3.5
COMP461505,计算机体系结构,陈衡,56.0,3.0
COMP462105,数据库系统,冯中慧,48.0,2.5
COMP462205,算法分析与设计,"赖欣,王嘉寅",48.0,2.5
COMP462305,计算机原理与嵌入式系统,杨晨,48.0,3.0
COMP462705,物联网原理,"桂小林,安健,丁菡",56.0,3.5
COMP462805,物联网信息安全,"桂小林,戴慧B",40.0,2.0
COMP500127,3D计算机图形学,刘跃虎,38.0,2.0
COMP550305,面向对象程序设计,李保红,48.0,2.5
COMP550605,组合数学,蔺杰,32.0,2.0
COMP550705,软件定义网络,"张鹏,唐亚哲",40.0,2.0
COMP551005,汇编语言,张兴军,48.0,2.5
COMP553005,电子系统设计专题实验2,郑卫斌,16.0,0.5
COMP560105,计算机组成原理,"张克旺,王换招",48.0,3.0
COMP560805,物体标识与管理专题实验,安健,32.0,1.0
COMP561705,软件工程,鲍军鹏,32.0,2.0
COMP561805,JAVA语言程序设计,王志文,40.0,2.0
COMP562205,计算机视觉与模式识别,苏远歧,48.0,2.5
CORE100105,表达与交流,"王兆宏,陈希,闫理贺,管晓宏",48.0,3.0
CORE100127,人工智能导论,辛景民,32.0,2.0
CORE100305,基于“互联网+”背景的创业基础,黄健,48.0,2.0
CORE100405,大数据思维与科学创新,"王平辉,朱海萍,LI CHEN,叶凯,田锋",32.0,2.0
CORE102500,纳米科技前沿,"姚翠萍,方吉祥,尤红军,贺永宁",32.0,2.0
EELC000227,微电子科学与工程导论,"张鸿,程军,张国和,耿莉",16.0,1.0
EELC200105,微机原理与应用技术,"姚向华,王志国",56.0,3.0
EELC200227,半导体物理与器件专题实验2,雷冰洁,24.0,0.5
EELC300127,数字逻辑电路Ⅱ,李昕,48.0,3.0
EELC300227,数字逻辑电路实验Ⅱ,杨栋,32.0,1.0
EELC300505,电子技术实验-2,"郑卫斌,朱正东",16.0,0.5
EELC400105,数字逻辑电路,王龙翔,56.0,3.5
EELC400227,电化学基础,徐友龙,56.0,3.0
EELC400527,电化学基础,徐友龙,56.0,3.0
EELC410605,固体电子学实验1,王景平,32.0,1.0
EELC410805,物理电子学实验1,"刘效增,陈兵",32.0,1.0
EELC410905,微电子学实验,"王景平,姚向华",32.0,1.0
EELC411005,光电子学实验1,田亚玲,32.0,1.0
EELC420405,微电子制造技术,刘明,32.0,2.0
EELC420805,数字集成电路专题实验,齐欢欢,48.0,1.5
EELC420905,模拟集成电路专题实验,齐欢欢,48.0,1.5
EELC421505,电介质物理,"徐卓,魏晓勇,李飞",64.0,3.5
EELC421905,模拟电子系统专题实验,齐欢欢,32.0,1.0
EELC422105,数字系统设计基础,梁峰,32.0,2.0
EELC422205,数字系统设计专题实验,梁峰,32.0,1.0
EELC422305,半导体器件,彭文博,48.0,3.0
EELC422405,模拟集成电路设计II,桂小琰,40.0,2.5
EELC511105,电子材料与器件原理,"周迪,徐然",40.0,2.5
EELC511205,材料物理化学,"李振荣,王玲艳",40.0,2.5
EELC511305,现代微分析导论,"汪敏强,王领航",32.0,2.0
EELC512105,信息显示技术（双语）,胡文波,40.0,2.5
EELC513105,光电子材料与器件（双语）,"YUN FENG,丁文",32.0,2.0
EELC513205,现代光学,"陈烽,杜广庆",40.0,2.5
EELC513305,激光原理与技术,樊叔维,40.0,2.5
EELC520805,集成电路封装技术,李高明,32.0,2.0
EELC521305,大规模集成电路设计基础,王红义,48.0,3.0
EELC522005,微机电系统,韩传余,32.0,2.0
EELC530405,射频电路设计专题实验,田春明,32.0,1.0
EELC530805,信号与系统VI,刘美琴,56.0,3.0
EELC530905,等离子体电子学导论,"李永东,王洪广",32.0,2.0
EELC531005,量子计算与量子电路基础,王大威,32.0,2.0
ELEC300227,电子技术基础,"符均,张育",96.0,5.0
ELEC520205,半导体器件建模,张国和,40.0,2.5
GNED100127,《历史上最伟大的10个方程》,"刘纯亮,曹猛,张贻齐",16.0,1.0
GNED100327,《时间简史》导读,李峰,16.0,1.0
GNED100427,生物信息技术前沿,"许丹,杨晓飞,叶凯",32.0,2.0
GNED100527,艺术与科学的交汇,"管晓宏,杜友田",16.0,1.0
GNED100627,互联网技术与应用,杨琦,32.0,2.0
GNED100727,计算思维与程序设计,杨琦,32.0,2.0
GNED100827,从一到无穷大,"李Z睿,庄建,张楠",16.0,1.0
GNED100927,普通人的诺奖之旅―量子十讲,"牛刚,王玮,问峰,王宏兴",16.0,1.0
GNED106505,卫星导航系统漫谈,杨宜康,32.0,2.0
INFT300105,信号与系统Ⅰ,王霞,64.0,4.0
INFT300127,信号与系统III,王磊,48.0,3.0
INFT300205,信息工程专业导论,罗新民,8.0,0.5
INFT400405,电磁场理论I,"吴胜利,刘建彬",56.0,3.5
INFT400705,信号与系统III,"廖学文,黄健",52.0,3.0
INFT430105,数字信号处理,张懿洁,44.0,2.5
INFT430605,信号与系统实验,"黄健,张渭乐,张建国,王霞",16.0,0.5
INFT430905,电磁场与电磁波,施宏宇,56.0,3.5
INFT431005,无线通信系统虚拟仿真实验,"张世娇,张国梅",16.0,0.5
INFT431105,通信原理实验,张翠翠,16.0,0.5
INFT431505,电子技术实验-2,张翠翠,16.0,0.5
INFT530105,信息论基础The Elements of Information Theory,邓科,40.0,2.5
INFT530205,移动通信,罗新民,40.0,2.5
INFT530905,随机信号分析,李国兵,32.0,2.0
INFT531805,ARM单片机原理与应用,"曹俊,陈伟",48.0,2.0
INFT532705,短距离无线通信专题实验,陈伟,32.0,1.0
INFT533605,电子系统设计基础,张翠翠,32.0,1.0
INFT533705,光纤通信,李杰,40.0,2.5
INFT533805,数据通信与计算机网络,洪伟,40.0,2.5
INFT533905,通信网与程控交换技术,张亦希,40.0,2.5
INFT534005,微机原理及应用,乔瑞萍,48.0,2.5
INFT534105,天线原理,陈娟,32.0,2.0
INFT534205,纠错编码理论,李锋,32.0,2.0
INFT534305,数字图象处理,梁毅军,32.0,2.0
INFT534405,信号与系统IV,侯兴松,40.0,2.5
ITDE514105,太阳能电池设计制作,易文辉,32.0,1.0
ITDE514305,压电器件设计制作,"夏颂,高翔宇",32.0,1.0
ITDE514405,电子系统设计制作,张朝阳,32.0,1.0
JZSJ300111,专业实习,金莉,0.0,3.0
MATH200127,离散数学Ⅳ,李闯,32.0,2.0
MATH200327,概率统计与随机过程,"王平辉,边浩",64.0,4.0
MATH230305,工程优化方法与应用,高贞贞,32.0,2.0
MATH230405,信息科学的矩阵分析基础,杜清河,32.0,2.0
MATH300111,图论与代数系统,李文,32.0,2.0
PHYS410105,量子力学,"司金海,谭文疆",32.0,2.0
PHYS410205,热力学与统计物理,尹行天,32.0,2.0
SCTR400205,论文写作与发表,唐亚哲,16.0,1.0
SCTR400405,计算机科研习课,唐亚哲,128.0,4.0
SCTR530105,科研训练,刘乃豪,32.0,1.0
SOFT300127,软件工程导论,金莉,16.0,1.0
SOFT300227,数字逻辑与数字系统,张斌,40.0,2.5
SOFT400327,计算机网络,朱利,40.0,2.0
SOFT420311,编译原理,吴晓军,40.0,2.5
SOFT420811,数据库系统（英）,"侯迪,白秀秀",40.0,2.5
SOFT420911,软件工程经济学,王晨旭,32.0,2.0
SOFT500127,数据库系统设计综合训练,白秀秀,16.0,0.5
SOFT500427,图像处理与机器视觉,"张斌,田智强",40.0,2.5
SOFT500527,机器学习技术综合训练,庞善民,16.0,0.5
SOFT500627,网络信息安全,田暄,32.0,2.0
SOFT510711,机器学习导论,"GONG YIHONG,庞善民",32.0,2.0
SOFT510911,编译系统设计综合训练,吴晓军,16.0,0.5
SOFT511111,大数据技术,赵加坤,32.0,2.0
SOFT511211,计算机网络专题实验,张玉龙,32.0,1.0
SOFT511711,自然语言处理技术,姜沛林,32.0,2.0
EPRA300252,电工实习Ⅰ,"张春梅,赵军亚,杨荣,孙有为,夏禹",32.0,1.0
ETRA300152,综合工程训练1,"张春梅,栗茂林,张育林,杨荣,张铭,赵军亚,王娜,李党超,加有维,崔琦,黄宝娟,邵敏,李铭,沈瑶,王明伟,毕文婷",40.0,1.0
ETRA300252,综合工程训练3,"张春梅,张铭,赵军亚,王娜,栗茂林,张育林,李党超,加有维,崔琦,黄宝娟,杨荣,邵敏,李铭,沈瑶,王明伟,毕文婷",40.0,1.0
ETRA300352,综合工程训练2,"张春梅,张铭,赵军亚,栗茂林,张育林,李党超,加有维,崔琦,黄宝娟,杨荣,邵敏,李铭,沈瑶,王明伟,毕文婷,王娜",40.0,1.0
GNED100152,电子创新与创客实践,"杨荣,闫森,张春梅",40.0,2.0
MCRA200152,测控实习,王娜,32.0,1.0
MPRA200152,金工实习Ⅱ,"栗茂林,张珂,吴毅,张铭,李党超,加有维,崔琦,沈瑶,祁小朋,吴文宝",32.0,1.0
MPRA200252,金工实习Ⅲ-2,"栗茂林,沈瑶,邵敏,刘小源,韩德杰,吴文宝,祁小朋,张珂,吴毅",64.0,1.0
MPRA200452,金工实习Ⅰ,"栗茂林,沈瑶,祁小朋,吴文宝,李党超,加有维,张铭,郁志浩,徐峰,邵敏",64.0,2.0
BICH500160,纳米科学与技术,"金明尚,高传博",32.0,2.0
BICH500260,生物能源科学,王洪,32.0,2.0
CHEM5001QY,催化原理,"李鹏飞,郭武生",32.0,2.0
GNED100126,重大工程设计导论,"杨树明,何卫锋,吴云,彭宗仁,秋穗正,严俊杰,杨宜康,曹建福",16.0,1.0
JZSJ500326,出国交流学习,罗先觉,0.0,2.0
JZSJ500426,外文学术论文发表,罗先觉,0.0,2.0
JZSJ500526,在线课程学习,罗先觉,0.0,2.0
CORE100154,国际关系分析,李科,32.0,2.0
CORE100254,孙子兵法的智慧,"问鸿滨,徐宇春",32.0,2.0
CORE100354,战争与谋略：二战经典战役评析,"问鸿滨,初阔林,闫忠林",32.0,2.0
GNED105654,中东问题与中东战争,"闫忠林,问鸿滨,徐宇春",32.0,2.0
GNED105854,欧亚内陆帝国势力兴衰史,"初阔林,闫忠林",32.0,2.0
